stem,original_boxes,flip_boxes,pairs,referred
001_20200623_203217(4),3,2,2,True
001_20200623_203222(0),3,3,3,False
001_20200623_203226(3),3,3,3,False
001_20200623_203230(9),3,3,3,False
001_20200623_203235(3),3,3,3,False
001_20200623_203247(5),3,3,3,False
001_20200624_123313(4),3,3,3,False
001_20200624_123317(8),3,3,3,False
001_20200624_123322(3),3,2,2,True
001_20200624_123326(6),3,3,3,False
001_20200624_123331(2),3,3,3,False
001_20200624_123335(6),3,3,3,False
001_20200624_162816(3),3,2,2,True
001_20200624_162821(2),3,3,3,False
001_20200624_162831(2),3,3,3,False
001_20200624_162835(8),3,2,2,True
001_20200629_082825(1),3,3,3,False
001_20200629_082828(0),3,3,3,False
001_20200629_082831(0),3,3,3,False
001_20200629_082834(2),3,3,3,False
001_20200629_082837(2),3,3,3,False
001_20200629_082840(2),3,2,2,True
001_20200629_082905(4),3,3,3,False
001_20200811_003323(2),1,1,1,False
001_20200811_003327(0),1,1,1,False
001_20200814_083045(8),1,1,1,False
001_20200814_083051(9),1,1,1,False
001_20200814_203438(9),1,1,1,False
001_20200814_203442(4),1,0,0,True
001_20200818_123634(4),1,1,1,False
001_20200819_124414(0),1,1,1,False
001_20200819_124415(9),1,1,1,False
001_20200821_150525(5),1,1,1,False
001_20200821_150529(4),1,1,1,False
001_20200922_163332(2),1,1,1,False
001_20200922_163335(3),1,1,1,False
002_20200623_123032(7),3,3,3,False
002_20200623_123036(5),3,3,3,False
002_20200623_123040(5),3,3,3,False
002_20200623_123044(3),3,3,3,False
002_20200623_123048(4),3,3,3,False
002_20200623_123052(5),3,3,3,False
002_20200623_163020(3),3,3,3,False
002_20200623_163023(3),3,3,3,False
002_20200623_163026(3),3,3,3,False
002_20200623_163029(6),3,3,3,False
002_20200623_163032(5),3,3,3,False
002_20200623_163035(5),3,3,3,False
002_20200624_203003(9),3,3,3,False
002_20200624_203012(9),3,3,3,False
002_20200624_203017(4),3,3,3,False
002_20200624_203021(9),3,3,3,False
002_20200624_203026(4),3,3,3,False
002_20200624_203044(4),3,3,3,False
002_20200625_003352(9),3,3,3,False
002_20200625_003357(4),3,3,3,False
002_20200625_003401(8),3,3,3,False
002_20200625_003406(3),3,3,3,False
002_20200625_003410(8),3,3,3,False
002_20200625_003415(4),3,3,3,False
002_20200625_042934(9),3,3,3,False
002_20200625_042939(2),3,3,3,False
002_20200625_042943(7),3,3,3,False
002_20200625_042948(3),3,3,3,False
002_20200625_042952(8),3,3,3,False
002_20200625_042957(3),4,3,3,True
002_20200629_082630(7),3,3,3,False
002_20200629_082639(2),3,4,3,True
002_20200629_082642(2),3,3,3,False
002_20200629_082645(4),3,3,3,False
002_20200629_082823(5),3,3,3,False
002_20200629_082828(5),3,3,3,False
002_20200629_082831(3),3,3,3,False
002_20200629_082834(2),3,3,3,False
002_20200629_082837(0),3,3,3,False
002_20200629_082839(9),3,3,3,False
002_20200715_002443(4),3,3,3,False
002_20200715_002447(9),3,3,3,False
002_20200715_002456(9),3,3,3,False
002_20200715_002509(0),3,3,3,False
002_20200715_002513(4),3,3,3,False
002_20200901_191340(2),1,1,1,False
002_20200901_191343(2),1,1,1,False
002_20200901_191346(1),1,1,1,False
002_20200901_191348(8),1,1,1,False
002_20200901_191351(5),1,1,1,False
002_20200905_003315(2),1,1,1,False
002_20200905_003319(2),1,1,1,False
002_20200905_003323(3),1,1,1,False
002_20200905_003327(3),1,1,1,False
002_20200905_003331(2),1,1,1,False
002_20200905_003335(3),1,1,1,False
002_20200905_083407(3),1,1,1,False
002_20200905_083410(5),1,1,1,False
002_20200905_083413(6),1,1,1,False
002_20200905_083416(3),1,1,1,False
002_20200905_083419(3),1,1,1,False
002_20200905_083422(4),1,1,1,False
002_20200905_123103(4),1,1,1,False
002_20200905_123107(5),1,1,1,False
002_20200905_123111(6),1,1,1,False
002_20200906_003059(0),1,1,1,False
002_20200906_003114(8),1,1,1,False
002_20200906_003118(7),1,1,1,False
002_20200906_003122(7),1,1,1,False
002_20200906_003126(8),1,1,1,False
002_20200906_003132(7),1,1,1,False
