model,run,epoch,f1,precision,recall,ap50,tp,fp,fn,threshold,selected
YOLOv8n,v2_common20_yolo_mps_20261004,1,0.9670781893004116,0.9670781893004116,0.9670781893004116,0.9557757984961984,235,8,8,0.5915636,False
YOLOv8n,v2_common20_yolo_mps_20261004,2,0.9670781893004116,0.9670781893004116,0.9670781893004116,0.9593282435266027,235,8,8,0.6028925,False
YOLOv8n,v2_common20_yolo_mps_20261004,3,0.9753086419753086,0.9753086419753086,0.9753086419753086,0.9524686429155852,237,6,6,0.610446,False
YOLOv8n,v2_common20_yolo_mps_20261004,4,0.9670781893004116,0.9670781893004116,0.9670781893004116,0.9652957086796928,235,8,8,0.54216516,False
YOLOv8n,v2_common20_yolo_mps_20261004,5,0.9523809523809523,0.9583333333333334,0.9465020576131687,0.9454099395146159,230,10,13,0.4760948,False
YOLOv8n,v2_common20_yolo_mps_20261004,6,0.9835390946502057,0.9835390946502057,0.9835390946502057,0.9828135624944905,239,4,4,0.5041604,False
YOLOv8n,v2_common20_yolo_mps_20261004,7,0.9753086419753086,0.9753086419753086,0.9753086419753086,0.9553863215632485,237,6,6,0.5195041,False
YOLOv8n,v2_common20_yolo_mps_20261004,8,0.9711934156378601,0.9711934156378601,0.9711934156378601,0.9580017758100645,236,7,7,0.5382447,False
YOLOv8n,v2_common20_yolo_mps_20261004,9,0.9794238683127572,0.9794238683127572,0.9794238683127572,0.9658035161132541,238,5,5,0.56248605,False
YOLOv8n,v2_common20_yolo_mps_20261004,10,0.9506172839506173,0.9506172839506173,0.9506172839506173,0.9138600899628397,231,12,12,0.5756013,False
YOLOv8n,v2_common20_yolo_mps_20261004,11,0.9731958762886598,0.9752066115702479,0.9711934156378601,0.9602562457521326,236,6,7,0.5247053,False
YOLOv8n,v2_common20_yolo_mps_20261004,12,0.9691991786447639,0.9672131147540983,0.9711934156378601,0.9493422614546638,236,8,7,0.5406516,False
YOLOv8n,v2_common20_yolo_mps_20261004,13,0.9754098360655737,0.9714285714285714,0.9794238683127572,0.9661417720251683,238,7,5,0.4729855,False
YOLOv8n,v2_common20_yolo_mps_20261004,14,0.9815195071868583,0.9795081967213115,0.9835390946502057,0.9677835682608323,239,5,4,0.6123792,False
YOLOv8n,v2_common20_yolo_mps_20261004,15,0.9774127310061602,0.9754098360655737,0.9794238683127572,0.9637007180527095,238,6,5,0.6893132,False
YOLOv8n,v2_common20_yolo_mps_20261004,16,0.9815195071868583,0.9795081967213115,0.9835390946502057,0.9681426712101022,239,5,4,0.6563933,False
YOLOv8n,v2_common20_yolo_mps_20261004,17,0.9815195071868583,0.9795081967213115,0.9835390946502057,0.9713556260980692,239,5,4,0.65784717,False
YOLOv8n,v2_common20_yolo_mps_20261004,18,0.9815195071868583,0.9795081967213115,0.9835390946502057,0.9714533083525456,239,5,4,0.66319,False
YOLOv8n,v2_common20_yolo_mps_20261004,19,0.9815195071868583,0.9795081967213115,0.9835390946502057,0.9704438183579721,239,5,4,0.6934168,False
YOLOv8n,v2_common20_yolo_mps_20261004,20,0.9856262833675564,0.9836065573770492,0.9876543209876543,0.9742652415588408,240,4,3,0.68106407,True
Faster R-CNN,v2_common20_faster_cuda_20261004,1,0.9814432989690721,0.9834710743801653,0.9794238683127572,0.9763614410075473,238,4,5,0.91382617,False
Faster R-CNN,v2_common20_faster_cuda_20261004,2,0.9855670103092784,0.987603305785124,0.9835390946502057,0.9803738788077587,239,3,4,0.89817524,False
Faster R-CNN,v2_common20_faster_cuda_20261004,3,0.9876543209876543,0.9876543209876543,0.9876543209876543,0.9883094670426038,240,3,3,0.9286215,False
Faster R-CNN,v2_common20_faster_cuda_20261004,4,0.9711934156378601,0.9711934156378601,0.9711934156378601,0.9544036917967615,236,7,7,0.97114515,False
Faster R-CNN,v2_common20_faster_cuda_20261004,5,0.9711934156378601,0.9711934156378601,0.9711934156378601,0.9585620337062171,236,7,7,0.9568035,False
Faster R-CNN,v2_common20_faster_cuda_20261004,6,0.973305954825462,0.9713114754098361,0.9753086419753086,0.9630005760069249,237,7,6,0.96677935,False
Faster R-CNN,v2_common20_faster_cuda_20261004,7,0.9794238683127572,0.9794238683127572,0.9794238683127572,0.9654371432596729,238,5,5,0.9942782,False
Faster R-CNN,v2_common20_faster_cuda_20261004,8,0.9794238683127572,0.9794238683127572,0.9794238683127572,0.970427512634395,238,5,5,0.98662776,False
Faster R-CNN,v2_common20_faster_cuda_20261004,9,0.9835390946502057,0.9835390946502057,0.9835390946502057,0.9762166300779639,239,4,4,0.99847263,False
Faster R-CNN,v2_common20_faster_cuda_20261004,10,0.9835390946502057,0.9835390946502057,0.9835390946502057,0.9703056682647666,239,4,4,0.99886155,False
Faster R-CNN,v2_common20_faster_cuda_20261004,11,0.9835390946502057,0.9835390946502057,0.9835390946502057,0.9734979001023222,239,4,4,0.99952924,False
Faster R-CNN,v2_common20_faster_cuda_20261004,12,0.9917695473251029,0.9917695473251029,0.9917695473251029,0.9885644170052033,241,2,2,0.9997546,False
Faster R-CNN,v2_common20_faster_cuda_20261004,13,0.9917695473251029,0.9917695473251029,0.9917695473251029,0.9892659931592036,241,2,2,0.9998838,False
Faster R-CNN,v2_common20_faster_cuda_20261004,14,0.9876543209876543,0.9876543209876543,0.9876543209876543,0.9774424630391709,240,3,3,0.99988854,False
Faster R-CNN,v2_common20_faster_cuda_20261004,15,0.9917695473251029,0.9917695473251029,0.9917695473251029,0.9877824105289175,241,2,2,0.9999559,False
Faster R-CNN,v2_common20_faster_cuda_20261004,16,0.9876543209876543,0.9876543209876543,0.9876543209876543,0.9810188632685204,240,3,3,0.9999714,False
Faster R-CNN,v2_common20_faster_cuda_20261004,17,0.9917695473251029,0.9917695473251029,0.9917695473251029,0.9852016300467676,241,2,2,0.9999857,True
Faster R-CNN,v2_common20_faster_cuda_20261004,18,0.9794238683127572,0.9794238683127572,0.9794238683127572,0.9660138841666048,238,5,5,0.9999869,False
Faster R-CNN,v2_common20_faster_cuda_20261004,19,0.9794238683127572,0.9794238683127572,0.9794238683127572,0.9648204277999333,238,5,5,0.9999856,False
Faster R-CNN,v2_common20_faster_cuda_20261004,20,0.9794238683127572,0.9794238683127572,0.9794238683127572,0.9651260165509287,238,5,5,0.99999,False
RF-DETR-S,v2_common20_rfdetr_mps_20261004,1,0.9794238683127572,0.9794238683127572,0.9794238683127572,0.9705088041470491,238,5,5,0.62390023,False
RF-DETR-S,v2_common20_rfdetr_mps_20261004,2,0.9814432989690721,0.9834710743801653,0.9794238683127572,0.9690671684509883,238,4,5,0.58010536,False
RF-DETR-S,v2_common20_rfdetr_mps_20261004,3,0.973305954825462,0.9713114754098361,0.9753086419753086,0.9783268174683544,237,7,6,0.538604,False
RF-DETR-S,v2_common20_rfdetr_mps_20261004,4,0.9794238683127572,0.9794238683127572,0.9794238683127572,0.969921472412893,238,5,5,0.6329422,False
RF-DETR-S,v2_common20_rfdetr_mps_20261004,5,0.9691991786447639,0.9672131147540983,0.9711934156378601,0.9562049401954862,236,8,7,0.56368995,False
RF-DETR-S,v2_common20_rfdetr_mps_20261004,6,0.9835390946502057,0.9835390946502057,0.9835390946502057,0.9743024880115149,239,4,4,0.5659971,False
RF-DETR-S,v2_common20_rfdetr_mps_20261004,7,0.9774127310061602,0.9754098360655737,0.9794238683127572,0.9796368307545925,238,6,5,0.610781,False
RF-DETR-S,v2_common20_rfdetr_mps_20261004,8,0.9917695473251029,0.9917695473251029,0.9917695473251029,0.9897009655577452,241,2,2,0.70370466,True
RF-DETR-S,v2_common20_rfdetr_mps_20261004,9,0.9835390946502057,0.9835390946502057,0.9835390946502057,0.9704033780835762,239,4,4,0.6720486,False
RF-DETR-S,v2_common20_rfdetr_mps_20261004,10,0.977319587628866,0.9793388429752066,0.9753086419753086,0.9737772513767609,237,5,6,0.65907675,False
RF-DETR-S,v2_common20_rfdetr_mps_20261004,11,0.9650924024640657,0.9631147540983607,0.9670781893004116,0.9555878514919423,235,9,8,0.67626745,False
RF-DETR-S,v2_common20_rfdetr_mps_20261004,12,0.9794238683127572,0.9794238683127572,0.9794238683127572,0.9716368333132986,238,5,5,0.71997803,False
RF-DETR-S,v2_common20_rfdetr_mps_20261004,13,0.9753086419753086,0.9753086419753086,0.9753086419753086,0.9706113142449777,237,6,6,0.69476074,False
RF-DETR-S,v2_common20_rfdetr_mps_20261004,14,0.9794238683127572,0.9794238683127572,0.9794238683127572,0.9690174294692576,238,5,5,0.6441642,False
RF-DETR-S,v2_common20_rfdetr_mps_20261004,15,0.9629629629629629,0.9629629629629629,0.9629629629629629,0.9491442765521948,234,9,9,0.7262854,False
RF-DETR-S,v2_common20_rfdetr_mps_20261004,16,0.9670781893004116,0.9670781893004116,0.9670781893004116,0.9619757788375479,235,8,8,0.7191967,False
RF-DETR-S,v2_common20_rfdetr_mps_20261004,17,0.9753086419753086,0.9753086419753086,0.9753086419753086,0.963637539184244,237,6,6,0.7269195,False
RF-DETR-S,v2_common20_rfdetr_mps_20261004,18,0.9753086419753086,0.9753086419753086,0.9753086419753086,0.9682953932774306,237,6,6,0.7158471,False
RF-DETR-S,v2_common20_rfdetr_mps_20261004,19,0.9711934156378601,0.9711934156378601,0.9711934156378601,0.96413550420338,236,7,7,0.74138075,False
RF-DETR-S,v2_common20_rfdetr_mps_20261004,20,0.9711934156378601,0.9711934156378601,0.9711934156378601,0.9542891242597727,236,7,7,0.76370406,False
D-FINE-S,v2_common20_dfine_cuda_20261004,1,0.9815195071868583,0.9795081967213115,0.9835390946502057,0.9783573418124965,239,5,4,0.6473492,False
D-FINE-S,v2_common20_dfine_cuda_20261004,2,0.9856262833675564,0.9836065573770492,0.9876543209876543,0.98413018739891,240,4,3,0.6943059,False
D-FINE-S,v2_common20_dfine_cuda_20261004,3,0.9815195071868583,0.9795081967213115,0.9835390946502057,0.9796788284953971,239,5,4,0.41898057,False
D-FINE-S,v2_common20_dfine_cuda_20261004,4,0.9713114754098361,0.9673469387755103,0.9753086419753086,0.9707840052517545,237,8,6,0.6525694,False
D-FINE-S,v2_common20_dfine_cuda_20261004,5,0.9815195071868583,0.9795081967213115,0.9835390946502057,0.9788001840168894,239,5,4,0.6828746,False
D-FINE-S,v2_common20_dfine_cuda_20261004,6,0.9752066115702479,0.979253112033195,0.9711934156378601,0.9832658918578291,236,5,7,0.77080077,False
D-FINE-S,v2_common20_dfine_cuda_20261004,7,0.9835390946502057,0.9835390946502057,0.9835390946502057,0.9788814837786769,239,4,4,0.7030278,False
D-FINE-S,v2_common20_dfine_cuda_20261004,8,0.9670781893004116,0.9670781893004116,0.9670781893004116,0.9705905001027083,235,8,8,0.68358266,False
D-FINE-S,v2_common20_dfine_cuda_20261004,9,0.9693251533742331,0.9634146341463414,0.9753086419753086,0.9590632478133913,237,9,6,0.72575146,False
D-FINE-S,v2_common20_dfine_cuda_20261004,10,0.9794238683127572,0.9794238683127572,0.9794238683127572,0.974545282366513,238,5,5,0.70946985,False
D-FINE-S,v2_common20_dfine_cuda_20261004,11,0.9856262833675564,0.9836065573770492,0.9876543209876543,0.982283684595146,240,4,3,0.72014374,True
D-FINE-S,v2_common20_dfine_cuda_20261004,12,0.977319587628866,0.9793388429752066,0.9753086419753086,0.9772324478365747,237,5,6,0.77398425,False
D-FINE-S,v2_common20_dfine_cuda_20261004,13,0.9753086419753086,0.9753086419753086,0.9753086419753086,0.9683319752301186,237,6,6,0.6594791,False
D-FINE-S,v2_common20_dfine_cuda_20261004,14,0.9774127310061602,0.9754098360655737,0.9794238683127572,0.9708650672400289,238,6,5,0.7833454,False
D-FINE-S,v2_common20_dfine_cuda_20261004,15,0.9794238683127572,0.9794238683127572,0.9794238683127572,0.9726979288835639,238,5,5,0.78650856,False
D-FINE-S,v2_common20_dfine_cuda_20261004,16,0.973305954825462,0.9713114754098361,0.9753086419753086,0.9725624555310691,237,7,6,0.6751469,False
D-FINE-S,v2_common20_dfine_cuda_20261004,17,0.9753086419753086,0.9753086419753086,0.9753086419753086,0.9696054375439582,237,6,6,0.77011114,False
D-FINE-S,v2_common20_dfine_cuda_20261004,18,0.973305954825462,0.9713114754098361,0.9753086419753086,0.9674925432831455,237,7,6,0.75770116,False
D-FINE-S,v2_common20_dfine_cuda_20261004,19,0.973305954825462,0.9713114754098361,0.9753086419753086,0.9709172504953781,237,7,6,0.7533248,False
D-FINE-S,v2_common20_dfine_cuda_20261004,20,0.973305954825462,0.9713114754098361,0.9753086419753086,0.9696559345658774,237,7,6,0.7540386,False
YOLO11n,v2_latest20_yolo11n_guard_mps_20261004,1,0.9731958762886598,0.9752066115702479,0.9711934156378601,0.9683072806022386,236,6,7,0.41988918,False
YOLO11n,v2_latest20_yolo11n_guard_mps_20261004,2,0.9835390946502057,0.9835390946502057,0.9835390946502057,0.9786331564347763,239,4,4,0.27793437,False
YOLO11n,v2_latest20_yolo11n_guard_mps_20261004,3,0.973305954825462,0.9713114754098361,0.9753086419753086,0.968560277297343,237,7,6,0.3558594,False
YOLO11n,v2_latest20_yolo11n_guard_mps_20261004,4,0.9691991786447639,0.9672131147540983,0.9711934156378601,0.9687185495095364,236,8,7,0.28057727,False
YOLO11n,v2_latest20_yolo11n_guard_mps_20261004,5,0.9876543209876543,0.9876543209876543,0.9876543209876543,0.9827567805887705,240,3,3,0.48035392,True
YOLO11n,v2_latest20_yolo11n_guard_mps_20261004,6,0.9815195071868583,0.9795081967213115,0.9835390946502057,0.9799172437460764,239,5,4,0.43447268,False
YOLO11n,v2_latest20_yolo11n_guard_mps_20261004,7,0.975103734439834,0.9832635983263598,0.9670781893004116,0.9671153726772015,235,4,8,0.4961136,False
YOLO11n,v2_latest20_yolo11n_guard_mps_20261004,8,0.9752066115702479,0.979253112033195,0.9711934156378601,0.9650868293790204,236,5,7,0.5366345,False
YOLO11n,v2_latest20_yolo11n_guard_mps_20261004,9,0.9603340292275574,0.9745762711864406,0.9465020576131687,0.9443298442457249,230,6,13,0.636039,False
YOLO11n,v2_latest20_yolo11n_guard_mps_20261004,10,0.9628099173553719,0.966804979253112,0.9588477366255144,0.948672180220912,233,8,10,0.5265389,False
YOLO11n,v2_latest20_yolo11n_guard_mps_20261004,11,0.9672131147540983,0.963265306122449,0.9711934156378601,0.9707649062091099,236,9,7,0.41437247,False
YOLO11n,v2_latest20_yolo11n_guard_mps_20261004,12,0.9731958762886598,0.9752066115702479,0.9711934156378601,0.9688614144330144,236,6,7,0.49843553,False
YOLO11n,v2_latest20_yolo11n_guard_mps_20261004,13,0.977319587628866,0.9793388429752066,0.9753086419753086,0.9776976635636254,237,5,6,0.5518042,False
YOLO11n,v2_latest20_yolo11n_guard_mps_20261004,14,0.9754098360655737,0.9714285714285714,0.9794238683127572,0.9748199141628799,238,7,5,0.45250732,False
YOLO11n,v2_latest20_yolo11n_guard_mps_20261004,15,0.9730848861283644,0.9791666666666666,0.9670781893004116,0.9691383466206226,235,5,8,0.64152217,False
YOLO11n,v2_latest20_yolo11n_guard_mps_20261004,16,0.970954356846473,0.9790794979079498,0.9629629629629629,0.9706273766866422,234,5,9,0.6936608,False
YOLO11n,v2_latest20_yolo11n_guard_mps_20261004,17,0.973305954825462,0.9713114754098361,0.9753086419753086,0.9694115178324588,237,7,6,0.4580963,False
YOLO11n,v2_latest20_yolo11n_guard_mps_20261004,18,0.975103734439834,0.9832635983263598,0.9670781893004116,0.9744050970496996,235,4,8,0.7168632,False
YOLO11n,v2_latest20_yolo11n_guard_mps_20261004,19,0.9650924024640657,0.9631147540983607,0.9670781893004116,0.9637112650854328,235,9,8,0.37231955,False
YOLO11n,v2_latest20_yolo11n_guard_mps_20261004,20,0.9752066115702479,0.979253112033195,0.9711934156378601,0.9755834126431782,236,5,7,0.68582106,False
YOLO26n,v2_latest20_yolo26n_guard_mps_20261004,1,0.9794238683127572,0.9794238683127572,0.9794238683127572,0.9683582949471767,238,5,5,0.29284662,False
YOLO26n,v2_latest20_yolo26n_guard_mps_20261004,2,0.9794238683127572,0.9794238683127572,0.9794238683127572,0.9731502187596213,238,5,5,0.48204738,False
YOLO26n,v2_latest20_yolo26n_guard_mps_20261004,3,0.9753086419753086,0.9753086419753086,0.9753086419753086,0.9623938244590423,237,6,6,0.46385336,False
YOLO26n,v2_latest20_yolo26n_guard_mps_20261004,4,0.9794238683127572,0.9794238683127572,0.9794238683127572,0.9674212764876142,238,5,5,0.5036375,False
YOLO26n,v2_latest20_yolo26n_guard_mps_20261004,5,0.9794238683127572,0.9794238683127572,0.9794238683127572,0.9728423298439361,238,5,5,0.5437329,False
YOLO26n,v2_latest20_yolo26n_guard_mps_20261004,6,0.9794238683127572,0.9794238683127572,0.9794238683127572,0.9741274297623895,238,5,5,0.5541392,False
YOLO26n,v2_latest20_yolo26n_guard_mps_20261004,7,0.9711934156378601,0.9711934156378601,0.9711934156378601,0.954943025553591,236,7,7,0.58448243,False
YOLO26n,v2_latest20_yolo26n_guard_mps_20261004,8,0.9794238683127572,0.9794238683127572,0.9794238683127572,0.9679888946479682,238,5,5,0.6195929,False
YOLO26n,v2_latest20_yolo26n_guard_mps_20261004,9,0.9711934156378601,0.9711934156378601,0.9711934156378601,0.9668389650949277,236,7,7,0.5658318,False
YOLO26n,v2_latest20_yolo26n_guard_mps_20261004,10,0.9670781893004116,0.9670781893004116,0.9670781893004116,0.9483158516957677,235,8,8,0.6325814,False
YOLO26n,v2_latest20_yolo26n_guard_mps_20261004,11,0.9753086419753086,0.9753086419753086,0.9753086419753086,0.9654437823685244,237,6,6,0.6131343,False
YOLO26n,v2_latest20_yolo26n_guard_mps_20261004,12,0.9815195071868583,0.9795081967213115,0.9835390946502057,0.975215803535174,239,5,4,0.41032922,False
YOLO26n,v2_latest20_yolo26n_guard_mps_20261004,13,0.9876543209876543,0.9876543209876543,0.9876543209876543,0.9886586504379642,240,3,3,0.6521711,True
YOLO26n,v2_latest20_yolo26n_guard_mps_20261004,14,0.9753086419753086,0.9753086419753086,0.9753086419753086,0.9651780790905757,237,6,6,0.5106859,False
YOLO26n,v2_latest20_yolo26n_guard_mps_20261004,15,0.9794238683127572,0.9794238683127572,0.9794238683127572,0.9704677312024859,238,5,5,0.6623387,False
YOLO26n,v2_latest20_yolo26n_guard_mps_20261004,16,0.9794238683127572,0.9794238683127572,0.9794238683127572,0.9733476787633921,238,5,5,0.70392025,False
YOLO26n,v2_latest20_yolo26n_guard_mps_20261004,17,0.973305954825462,0.9713114754098361,0.9753086419753086,0.9646937495753816,237,7,6,0.712859,False
YOLO26n,v2_latest20_yolo26n_guard_mps_20261004,18,0.9711934156378601,0.9711934156378601,0.9711934156378601,0.9577230176676503,236,7,7,0.7249556,False
YOLO26n,v2_latest20_yolo26n_guard_mps_20261004,19,0.9711934156378601,0.9711934156378601,0.9711934156378601,0.9583673602128178,236,7,7,0.7384064,False
YOLO26n,v2_latest20_yolo26n_guard_mps_20261004,20,0.9711934156378601,0.9711934156378601,0.9711934156378601,0.9588478021721305,236,7,7,0.7387657,False
