feature,group,q25,q75,training_boxes,training_images,training_bursts,validation_boxes,validation_images,validation_bursts,model,validation_fn
size,le_train_q25,10.0,13.0,267,148,42,92,59,14,YOLOv8n,1
size,le_train_q25,10.0,13.0,267,148,42,92,59,14,Faster R-CNN,2
size,le_train_q25,10.0,13.0,267,148,42,92,59,14,RF-DETR-S,1
size,le_train_q25,10.0,13.0,267,148,42,92,59,14,D-FINE-S,1
size,gt_train_q75,10.0,13.0,135,77,25,63,27,7,YOLOv8n,1
size,gt_train_q75,10.0,13.0,135,77,25,63,27,7,Faster R-CNN,0
size,gt_train_q75,10.0,13.0,135,77,25,63,27,7,RF-DETR-S,1
size,gt_train_q75,10.0,13.0,135,77,25,63,27,7,D-FINE-S,2
edge,le_train_q25,45.840087890625,60.16511535644531,198,162,36,67,53,12,YOLOv8n,0
edge,le_train_q25,45.840087890625,60.16511535644531,198,162,36,67,53,12,Faster R-CNN,0
edge,le_train_q25,45.840087890625,60.16511535644531,198,162,36,67,53,12,RF-DETR-S,0
edge,le_train_q25,45.840087890625,60.16511535644531,198,162,36,67,53,12,D-FINE-S,0
edge,gt_train_q75,45.840087890625,60.16511535644531,165,106,22,61,33,8,YOLOv8n,0
edge,gt_train_q75,45.840087890625,60.16511535644531,165,106,22,61,33,8,Faster R-CNN,1
edge,gt_train_q75,45.840087890625,60.16511535644531,165,106,22,61,33,8,RF-DETR-S,0
edge,gt_train_q75,45.840087890625,60.16511535644531,165,106,22,61,33,8,D-FINE-S,1
contrast,le_train_q25,42.5,57.0,170,109,30,55,42,10,YOLOv8n,1
contrast,le_train_q25,42.5,57.0,170,109,30,55,42,10,Faster R-CNN,0
contrast,le_train_q25,42.5,57.0,170,109,30,55,42,10,RF-DETR-S,1
contrast,le_train_q25,42.5,57.0,170,109,30,55,42,10,D-FINE-S,1
contrast,gt_train_q75,42.5,57.0,163,86,20,65,36,9,YOLOv8n,0
contrast,gt_train_q75,42.5,57.0,163,86,20,65,36,9,Faster R-CNN,0
contrast,gt_train_q75,42.5,57.0,163,86,20,65,36,9,RF-DETR-S,0
contrast,gt_train_q75,42.5,57.0,163,86,20,65,36,9,D-FINE-S,1
box_aspect_ratio,le_train_q25,1.0833333333333333,1.2613636363636362,184,138,48,72,54,19,YOLOv8n,0
box_aspect_ratio,le_train_q25,1.0833333333333333,1.2613636363636362,184,138,48,72,54,19,Faster R-CNN,0
box_aspect_ratio,le_train_q25,1.0833333333333333,1.2613636363636362,184,138,48,72,54,19,RF-DETR-S,0
box_aspect_ratio,le_train_q25,1.0833333333333333,1.2613636363636362,184,138,48,72,54,19,D-FINE-S,1
box_aspect_ratio,gt_train_q75,1.0833333333333333,1.2613636363636362,170,134,49,36,32,15,YOLOv8n,1
box_aspect_ratio,gt_train_q75,1.0833333333333333,1.2613636363636362,170,134,49,36,32,15,Faster R-CNN,0
box_aspect_ratio,gt_train_q75,1.0833333333333333,1.2613636363636362,170,134,49,36,32,15,RF-DETR-S,0
box_aspect_ratio,gt_train_q75,1.0833333333333333,1.2613636363636362,170,134,49,36,32,15,D-FINE-S,0
background_gray,le_train_q25,98.0,127.0,185,117,31,56,37,8,YOLOv8n,1
background_gray,le_train_q25,98.0,127.0,185,117,31,56,37,8,Faster R-CNN,1
background_gray,le_train_q25,98.0,127.0,185,117,31,56,37,8,RF-DETR-S,0
background_gray,le_train_q25,98.0,127.0,185,117,31,56,37,8,D-FINE-S,0
background_gray,gt_train_q75,98.0,127.0,168,82,15,74,36,7,YOLOv8n,0
background_gray,gt_train_q75,98.0,127.0,168,82,15,74,36,7,Faster R-CNN,0
background_gray,gt_train_q75,98.0,127.0,168,82,15,74,36,7,RF-DETR-S,0
background_gray,gt_train_q75,98.0,127.0,168,82,15,74,36,7,D-FINE-S,1
background_std,le_train_q25,12.818238071519072,14.234942825634754,170,126,43,82,64,16,YOLOv8n,1
background_std,le_train_q25,12.818238071519072,14.234942825634754,170,126,43,82,64,16,Faster R-CNN,2
background_std,le_train_q25,12.818238071519072,14.234942825634754,170,126,43,82,64,16,RF-DETR-S,2
background_std,le_train_q25,12.818238071519072,14.234942825634754,170,126,43,82,64,16,D-FINE-S,1
background_std,gt_train_q75,12.818238071519072,14.234942825634754,170,141,47,57,47,16,YOLOv8n,1
background_std,gt_train_q75,12.818238071519072,14.234942825634754,170,141,47,57,47,16,Faster R-CNN,0
background_std,gt_train_q75,12.818238071519072,14.234942825634754,170,141,47,57,47,16,RF-DETR-S,0
background_std,gt_train_q75,12.818238071519072,14.234942825634754,170,141,47,57,47,16,D-FINE-S,2
