rule,second,referred_images,referred_fraction,first_fn_sent_to_second,first_fn_recoverable,first_tp_lost_if_replaced,oracle_remaining_fn,replacement_tp,replacement_fp,replacement_fn,replacement_f1,replacement_photos_with_no_box,estimated_mean_ms,estimated_p95_ms
no_detection,Faster R-CNN,0,0.0,0,0,0,3,240,4,3,0.9856262833675564,0,11.707379283561014,18.845999999030028
score_margin,Faster R-CNN,1,0.009345794392523364,0,0,1,3,239,5,4,0.9815195071868583,0,24.732036607529835,28.360625001369044
score_margin_plus_sample,Faster R-CNN,23,0.21495327102803738,0,0,1,3,239,5,4,0.9815195071868583,0,311.82267562311426,1431.7761249985779
all_images_control,Faster R-CNN,107,1.0,3,3,2,0,241,2,2,0.9917695473251029,0,1408.361144716526,1469.0339579974534
no_detection,RF-DETR-S,0,0.0,0,0,0,3,240,4,3,0.9856262833675564,0,11.707379283561014,18.845999999030028
score_margin,RF-DETR-S,1,0.009345794392523364,0,0,0,3,240,4,3,0.9856262833675564,0,12.07168120568991,28.360625001369044
score_margin_plus_sample,RF-DETR-S,23,0.21495327102803738,0,0,0,3,240,4,3,0.9856262833675564,0,19.88524363868608,51.035333999607246
all_images_control,RF-DETR-S,107,1.0,3,2,1,1,241,2,2,0.9917695473251029,0,49.99357544857104,59.07729199680034
no_detection,D-FINE-S,0,0.0,0,0,0,3,240,4,3,0.9856262833675564,0,11.707379283561014,18.845999999030028
score_margin,D-FINE-S,1,0.009345794392523364,0,0,0,3,240,4,3,0.9856262833675564,0,11.94370638633439,28.360625001369044
score_margin_plus_sample,D-FINE-S,23,0.21495327102803738,0,0,1,3,239,4,4,0.9835390946502057,1,17.003752087203733,37.83462499268353
all_images_control,D-FINE-S,107,1.0,3,3,4,0,239,4,4,0.9835390946502057,1,36.45157620564739,45.02220800350187
