model,split,matching,selected_epoch,thr,tp,fp,fn,precision,recall,f1,ap,n_images,n_gt
YOLO11s,val,iou50,2,0.6884128,231,12,12,0.9506172839506173,0.9506172839506173,0.9506172839506173,0.9353658886410368,107,243
YOLO11s,val,iou75,2,0.66535234,53,193,190,0.21544715447154472,0.21810699588477367,0.2167689161554192,0.05155308023724381,107,243
YOLO11s,val,legacy,2,0.6884128,242,1,1,0.9958847736625515,0.9958847736625515,0.9958847736625515,0.9999159441373411,107,243
YOLO11s,test,iou50,2,0.6884128,196,29,29,0.8711111111111111,0.8711111111111111,0.8711111111111111,0.7896504782566169,97,225
YOLO11s,test,iou75,2,0.66535234,42,183,183,0.18666666666666668,0.18666666666666668,0.18666666666666668,0.03754738354740248,97,225
YOLO11s,test,legacy,2,0.6884128,225,0,0,1.0,1.0,1.0,1.0,97,225
RF-DETR-S,val,iou50,10,0.71692747,225,18,18,0.9259259259259259,0.9259259259259259,0.9259259259259259,0.8789523332791876,107,243
RF-DETR-S,val,iou75,10,0.71819055,66,176,177,0.2727272727272727,0.2716049382716049,0.2721649484536082,0.08364180247639295,107,243
RF-DETR-S,val,legacy,10,0.71692747,243,0,0,1.0,1.0,1.0,1.0,107,243
RF-DETR-S,test,iou50,10,0.71692747,213,11,12,0.9508928571428571,0.9466666666666667,0.9487750556792873,0.917930932698853,97,225
RF-DETR-S,test,iou75,10,0.71819055,71,152,154,0.3183856502242152,0.31555555555555553,0.3169642857142857,0.10552220854157626,97,225
RF-DETR-S,test,legacy,10,0.71692747,224,0,1,1.0,0.9955555555555555,0.9977728285077951,1.0,97,225
