split,stem,first_boxes,second_boxes,predictions_agree,state,warning_preserved
val,002_20200623_123032(7),3,3,True,HOLD_DETECTED_OBJECT,True
val,002_20200623_123036(5),3,3,True,HOLD_DETECTED_OBJECT,True
val,002_20200623_123040(5),3,3,True,HOLD_DETECTED_OBJECT,True
val,002_20200623_123044(3),3,3,True,HOLD_DETECTED_OBJECT,True
val,002_20200623_123048(4),3,3,True,HOLD_DETECTED_OBJECT,True
val,002_20200623_123052(5),3,3,True,HOLD_DETECTED_OBJECT,True
val,002_20200624_203003(9),3,3,True,HOLD_DETECTED_OBJECT,True
val,002_20200624_203012(9),3,3,True,HOLD_DETECTED_OBJECT,True
val,002_20200624_203017(4),3,3,True,HOLD_DETECTED_OBJECT,True
val,002_20200624_203021(9),3,3,True,HOLD_DETECTED_OBJECT,True
val,002_20200624_203026(4),3,3,True,HOLD_DETECTED_OBJECT,True
val,002_20200624_203044(4),3,3,True,HOLD_DETECTED_OBJECT,True
val,002_20200625_042934(9),3,3,True,HOLD_DETECTED_OBJECT,True
val,002_20200625_042939(2),3,3,True,HOLD_DETECTED_OBJECT,True
val,002_20200625_042943(7),3,3,True,HOLD_DETECTED_OBJECT,True
val,002_20200625_042948(3),3,3,True,HOLD_DETECTED_OBJECT,True
val,002_20200625_042952(8),3,3,True,HOLD_DETECTED_OBJECT,True
val,002_20200625_042957(3),4,3,False,HOLD_REINSPECTION,True
val,002_20200629_082630(7),3,3,True,HOLD_DETECTED_OBJECT,True
val,002_20200629_082639(2),3,3,True,HOLD_DETECTED_OBJECT,True
val,002_20200629_082642(2),3,3,True,HOLD_DETECTED_OBJECT,True
val,002_20200629_082645(4),3,3,True,HOLD_DETECTED_OBJECT,True
val,002_20200715_002443(4),3,3,True,HOLD_DETECTED_OBJECT,True
val,002_20200715_002447(9),3,3,True,HOLD_DETECTED_OBJECT,True
val,002_20200715_002456(9),3,3,True,HOLD_DETECTED_OBJECT,True
val,002_20200715_002509(0),3,3,True,HOLD_DETECTED_OBJECT,True
val,002_20200715_002513(4),3,3,True,HOLD_DETECTED_OBJECT,True
val,002_20200905_123103(4),1,1,True,HOLD_DETECTED_OBJECT,True
val,002_20200905_123107(5),1,1,True,HOLD_DETECTED_OBJECT,True
val,002_20200905_123111(6),1,1,True,HOLD_DETECTED_OBJECT,True
val,002_20200906_003059(0),1,1,True,HOLD_DETECTED_OBJECT,True
val,002_20200906_003114(8),1,1,True,HOLD_DETECTED_OBJECT,True
val,002_20200906_003118(7),1,1,True,HOLD_DETECTED_OBJECT,True
val,002_20200906_003122(7),1,1,True,HOLD_DETECTED_OBJECT,True
val,002_20200906_003126(8),1,1,True,HOLD_DETECTED_OBJECT,True
val,002_20200906_003132(7),1,1,True,HOLD_DETECTED_OBJECT,True
val,002_20200623_163020(3),3,3,True,HOLD_DETECTED_OBJECT,True
val,002_20200623_163023(3),3,3,True,HOLD_DETECTED_OBJECT,True
val,002_20200623_163026(3),3,3,True,HOLD_DETECTED_OBJECT,True
val,002_20200623_163029(6),3,3,True,HOLD_DETECTED_OBJECT,True
val,002_20200623_163032(5),3,3,True,HOLD_DETECTED_OBJECT,True
val,002_20200623_163035(5),3,3,True,HOLD_DETECTED_OBJECT,True
val,002_20200625_003352(9),3,3,True,HOLD_DETECTED_OBJECT,True
val,002_20200625_003357(4),3,3,True,HOLD_DETECTED_OBJECT,True
val,002_20200625_003401(8),3,3,True,HOLD_DETECTED_OBJECT,True
val,002_20200625_003406(3),3,3,True,HOLD_DETECTED_OBJECT,True
val,002_20200625_003410(8),3,3,True,HOLD_DETECTED_OBJECT,True
val,002_20200625_003415(4),3,3,True,HOLD_DETECTED_OBJECT,True
val,002_20200629_082823(5),3,3,True,HOLD_DETECTED_OBJECT,True
val,002_20200629_082828(5),3,3,True,HOLD_DETECTED_OBJECT,True
val,002_20200629_082831(3),3,3,True,HOLD_DETECTED_OBJECT,True
val,002_20200629_082834(2),3,3,True,HOLD_DETECTED_OBJECT,True
val,002_20200629_082837(0),3,3,True,HOLD_DETECTED_OBJECT,True
val,002_20200629_082839(9),3,3,True,HOLD_DETECTED_OBJECT,True
val,002_20200901_191340(2),1,1,True,HOLD_DETECTED_OBJECT,True
val,002_20200901_191343(2),1,1,True,HOLD_DETECTED_OBJECT,True
val,002_20200901_191346(1),1,1,True,HOLD_DETECTED_OBJECT,True
val,002_20200901_191348(8),1,1,True,HOLD_DETECTED_OBJECT,True
val,002_20200901_191351(5),1,1,True,HOLD_DETECTED_OBJECT,True
val,002_20200905_003315(2),1,1,True,HOLD_DETECTED_OBJECT,True
val,002_20200905_003319(2),1,1,True,HOLD_DETECTED_OBJECT,True
val,002_20200905_003323(3),1,1,True,HOLD_DETECTED_OBJECT,True
val,002_20200905_003327(3),1,1,True,HOLD_DETECTED_OBJECT,True
val,002_20200905_003331(2),1,1,True,HOLD_DETECTED_OBJECT,True
val,002_20200905_003335(3),1,1,True,HOLD_DETECTED_OBJECT,True
val,002_20200905_083407(3),1,1,True,HOLD_DETECTED_OBJECT,True
val,002_20200905_083410(5),1,1,True,HOLD_DETECTED_OBJECT,True
val,002_20200905_083413(6),1,1,True,HOLD_DETECTED_OBJECT,True
val,002_20200905_083416(3),1,1,True,HOLD_DETECTED_OBJECT,True
val,002_20200905_083419(3),1,1,True,HOLD_DETECTED_OBJECT,True
val,002_20200905_083422(4),1,1,True,HOLD_DETECTED_OBJECT,True
val,001_20200623_203217(4),3,3,True,HOLD_DETECTED_OBJECT,True
val,001_20200623_203222(0),3,3,True,HOLD_DETECTED_OBJECT,True
val,001_20200623_203226(3),3,3,True,HOLD_DETECTED_OBJECT,True
val,001_20200623_203230(9),3,3,True,HOLD_DETECTED_OBJECT,True
val,001_20200623_203235(3),3,3,True,HOLD_DETECTED_OBJECT,True
val,001_20200623_203247(5),3,3,True,HOLD_DETECTED_OBJECT,True
val,001_20200624_123313(4),3,3,True,HOLD_DETECTED_OBJECT,True
val,001_20200624_123317(8),3,3,True,HOLD_DETECTED_OBJECT,True
val,001_20200624_123322(3),3,3,True,HOLD_DETECTED_OBJECT,True
val,001_20200624_123326(6),3,3,True,HOLD_DETECTED_OBJECT,True
val,001_20200624_123331(2),3,3,True,HOLD_DETECTED_OBJECT,True
val,001_20200624_123335(6),3,3,True,HOLD_DETECTED_OBJECT,True
val,001_20200624_162816(3),3,3,True,HOLD_DETECTED_OBJECT,True
val,001_20200624_162821(2),3,3,True,HOLD_DETECTED_OBJECT,True
val,001_20200624_162831(2),3,3,True,HOLD_DETECTED_OBJECT,True
val,001_20200624_162835(8),3,3,True,HOLD_DETECTED_OBJECT,True
val,001_20200629_082825(1),3,3,True,HOLD_DETECTED_OBJECT,True
val,001_20200629_082828(0),3,3,True,HOLD_DETECTED_OBJECT,True
val,001_20200629_082831(0),3,3,True,HOLD_DETECTED_OBJECT,True
val,001_20200629_082834(2),3,3,True,HOLD_DETECTED_OBJECT,True
val,001_20200629_082837(2),3,3,True,HOLD_DETECTED_OBJECT,True
val,001_20200629_082840(2),3,3,True,HOLD_DETECTED_OBJECT,True
val,001_20200629_082905(4),3,3,True,HOLD_DETECTED_OBJECT,True
val,001_20200811_003323(2),1,1,True,HOLD_DETECTED_OBJECT,True
val,001_20200811_003327(0),1,1,True,HOLD_DETECTED_OBJECT,True
val,001_20200814_083045(8),1,1,True,HOLD_DETECTED_OBJECT,True
val,001_20200814_083051(9),1,1,True,HOLD_DETECTED_OBJECT,True
val,001_20200814_203438(9),1,1,True,HOLD_DETECTED_OBJECT,True
val,001_20200814_203442(4),1,1,True,HOLD_DETECTED_OBJECT,True
val,001_20200818_123634(4),1,1,True,HOLD_DETECTED_OBJECT,True
val,001_20200819_124414(0),1,1,True,HOLD_DETECTED_OBJECT,True
val,001_20200819_124415(9),1,1,True,HOLD_DETECTED_OBJECT,True
val,001_20200821_150525(5),1,1,True,HOLD_DETECTED_OBJECT,True
val,001_20200821_150529(4),1,1,True,HOLD_DETECTED_OBJECT,True
val,001_20200922_163332(2),1,1,True,HOLD_DETECTED_OBJECT,True
val,001_20200922_163335(3),1,1,True,HOLD_DETECTED_OBJECT,True
test,002_20200623_043039(3),3,3,True,HOLD_DETECTED_OBJECT,True
test,002_20200623_043043(2),3,3,True,HOLD_DETECTED_OBJECT,True
test,002_20200623_043047(2),3,3,True,HOLD_DETECTED_OBJECT,True
test,002_20200623_043051(3),3,3,True,HOLD_DETECTED_OBJECT,True
test,002_20200623_043055(3),3,3,True,HOLD_DETECTED_OBJECT,True
test,002_20200623_043059(4),3,3,True,HOLD_DETECTED_OBJECT,True
test,002_20200623_203040(4),3,3,True,HOLD_DETECTED_OBJECT,True
test,002_20200623_203044(0),3,3,True,HOLD_DETECTED_OBJECT,True
test,002_20200623_203047(7),3,3,True,HOLD_DETECTED_OBJECT,True
test,002_20200623_203051(2),3,3,True,HOLD_DETECTED_OBJECT,True
test,002_20200623_203054(7),3,3,True,HOLD_DETECTED_OBJECT,True
test,002_20200623_203058(3),3,3,True,HOLD_DETECTED_OBJECT,True
test,002_20200624_083045(5),3,3,True,HOLD_DETECTED_OBJECT,True
test,002_20200624_083049(6),3,3,True,HOLD_DETECTED_OBJECT,True
test,002_20200624_083053(3),3,3,True,HOLD_DETECTED_OBJECT,True
test,002_20200624_083057(4),3,3,True,HOLD_DETECTED_OBJECT,True
test,002_20200624_083101(4),3,3,True,HOLD_DETECTED_OBJECT,True
test,002_20200624_083105(5),3,3,True,HOLD_DETECTED_OBJECT,True
test,002_20200714_042641(8),3,3,True,HOLD_DETECTED_OBJECT,True
test,002_20200714_225756(0),3,3,True,HOLD_DETECTED_OBJECT,True
test,002_20200714_225759(8),3,3,True,HOLD_DETECTED_OBJECT,True
test,002_20200714_225803(3),3,3,True,HOLD_DETECTED_OBJECT,True
test,002_20200714_225807(3),3,3,True,HOLD_DETECTED_OBJECT,True
test,002_20200714_225810(5),3,3,True,HOLD_DETECTED_OBJECT,True
test,002_20200714_225817(4),3,3,True,HOLD_DETECTED_OBJECT,True
test,002_20200907_204635(5),1,1,True,HOLD_DETECTED_OBJECT,True
test,002_20200907_204640(0),1,1,True,HOLD_DETECTED_OBJECT,True
test,002_20200907_204644(5),1,1,True,HOLD_DETECTED_OBJECT,True
test,002_20200907_204649(0),1,1,True,HOLD_DETECTED_OBJECT,True
test,002_20200907_204653(4),1,1,True,HOLD_DETECTED_OBJECT,True
test,002_20200623_043056(0),3,3,True,HOLD_DETECTED_OBJECT,True
test,002_20200623_043100(6),3,3,True,HOLD_DETECTED_OBJECT,True
test,002_20200623_043105(0),3,3,True,HOLD_DETECTED_OBJECT,True
test,002_20200623_043109(4),3,3,True,HOLD_DETECTED_OBJECT,True
test,002_20200623_043115(4),3,3,True,HOLD_DETECTED_OBJECT,True
test,002_20200623_043120(0),3,3,True,HOLD_DETECTED_OBJECT,True
test,002_20200624_003115(6),3,3,True,HOLD_DETECTED_OBJECT,True
test,002_20200624_003118(6),3,3,True,HOLD_DETECTED_OBJECT,True
test,002_20200624_003123(0),3,3,True,HOLD_DETECTED_OBJECT,True
test,002_20200624_003127(5),3,3,True,HOLD_DETECTED_OBJECT,True
test,002_20200624_003132(0),3,3,True,HOLD_DETECTED_OBJECT,True
test,002_20200624_003136(5),3,3,True,HOLD_DETECTED_OBJECT,True
test,002_20200624_123144(0),3,3,True,HOLD_DETECTED_OBJECT,True
test,002_20200624_123148(2),3,3,True,HOLD_DETECTED_OBJECT,True
test,002_20200624_123152(7),3,3,True,HOLD_DETECTED_OBJECT,True
test,002_20200624_123157(4),3,3,True,HOLD_DETECTED_OBJECT,True
test,002_20200624_123201(7),3,3,True,HOLD_DETECTED_OBJECT,True
test,002_20200624_123206(2),3,3,True,HOLD_DETECTED_OBJECT,True
test,002_20200624_162708(9),3,3,True,HOLD_DETECTED_OBJECT,True
test,002_20200624_162713(4),3,3,True,HOLD_DETECTED_OBJECT,True
test,002_20200624_162717(9),3,3,True,HOLD_DETECTED_OBJECT,True
test,002_20200624_162722(4),3,3,True,HOLD_DETECTED_OBJECT,True
test,002_20200901_043133(6),1,1,True,HOLD_DETECTED_OBJECT,True
test,002_20200901_043136(6),1,1,True,HOLD_DETECTED_OBJECT,True
test,002_20200901_043139(6),1,1,True,HOLD_DETECTED_OBJECT,True
test,002_20200901_043142(6),1,1,True,HOLD_DETECTED_OBJECT,True
test,002_20200901_043145(5),1,1,True,HOLD_DETECTED_OBJECT,True
test,002_20200901_043148(6),1,1,True,HOLD_DETECTED_OBJECT,True
test,002_20200901_083452(2),1,1,True,HOLD_DETECTED_OBJECT,True
test,002_20200901_083456(7),1,1,True,HOLD_DETECTED_OBJECT,True
test,002_20200901_083501(2),1,1,True,HOLD_DETECTED_OBJECT,True
test,002_20200901_083505(8),1,1,True,HOLD_DETECTED_OBJECT,True
test,002_20200901_083510(2),1,1,True,HOLD_DETECTED_OBJECT,True
test,002_20200901_083514(7),1,1,True,HOLD_DETECTED_OBJECT,True
test,002_20200904_230054(2),1,1,True,HOLD_DETECTED_OBJECT,True
test,002_20200904_230057(6),1,1,True,HOLD_DETECTED_OBJECT,True
test,002_20200904_230105(4),1,1,True,HOLD_DETECTED_OBJECT,True
test,001_20200623_003516(8),3,3,True,HOLD_DETECTED_OBJECT,True
test,001_20200623_003520(5),3,3,True,HOLD_DETECTED_OBJECT,True
test,001_20200623_003524(0),3,3,True,HOLD_DETECTED_OBJECT,True
test,001_20200623_003529(0),3,3,True,HOLD_DETECTED_OBJECT,True
test,001_20200623_003532(5),3,3,True,HOLD_DETECTED_OBJECT,True
test,001_20200623_003536(0),3,3,True,HOLD_DETECTED_OBJECT,True
test,001_20200625_043323(7),3,3,True,HOLD_DETECTED_OBJECT,True
test,001_20200625_043328(3),3,3,True,HOLD_DETECTED_OBJECT,True
test,001_20200625_043337(3),3,3,True,HOLD_DETECTED_OBJECT,True
test,001_20200625_043341(7),3,3,True,HOLD_DETECTED_OBJECT,True
test,001_20200625_043346(2),3,3,True,HOLD_DETECTED_OBJECT,True
test,001_20200625_043359(8),3,3,True,HOLD_DETECTED_OBJECT,True
test,001_20200629_123107(1),3,3,True,HOLD_DETECTED_OBJECT,True
test,001_20200629_123111(6),3,3,True,HOLD_DETECTED_OBJECT,True
test,001_20200629_123116(1),3,3,True,HOLD_DETECTED_OBJECT,True
test,001_20200629_123120(6),3,3,True,HOLD_DETECTED_OBJECT,True
test,001_20200629_123125(2),3,3,True,HOLD_DETECTED_OBJECT,True
test,001_20200810_203208(7),1,1,True,HOLD_DETECTED_OBJECT,True
test,001_20200810_203212(6),1,1,True,HOLD_DETECTED_OBJECT,True
test,001_20200814_163101(7),1,1,True,HOLD_DETECTED_OBJECT,True
test,001_20200814_163105(1),1,1,True,HOLD_DETECTED_OBJECT,True
test,001_20200818_203601(4),1,1,True,HOLD_DETECTED_OBJECT,True
test,001_20200818_203607(4),1,1,True,HOLD_DETECTED_OBJECT,True
test,001_20200819_003039(4),1,1,True,HOLD_DETECTED_OBJECT,True
test,001_20200819_003044(1),1,1,True,HOLD_DETECTED_OBJECT,True
test,001_20200826_023328(3),1,0,False,HOLD_REINSPECTION,True
test,001_20200826_023332(5),1,1,True,HOLD_DETECTED_OBJECT,True
test,001_20200826_123711(3),1,1,True,HOLD_DETECTED_OBJECT,True
test,001_20200826_123714(5),1,1,True,HOLD_DETECTED_OBJECT,True
test,001_20200831_123316(5),0,1,False,HOLD_REINSPECTION,True
