model,epoch,train_loss,val_loss,native_map_50_95,native_map_50,native_map_75
yolo,1,2.02014,2.07275,0.37868,0.96036,
yolo,2,1.76002,2.02936,0.37528,0.95047,
yolo,3,1.6978,1.92923,0.40727,0.95361,
yolo,4,1.6128,1.95901,0.41409,0.97243,
yolo,5,1.5917,1.98916,0.40001,0.97251,
yolo,6,1.53428,1.96737,0.41465,0.98621,
yolo,7,1.4908,1.94187,0.41654,0.9667,
yolo,8,1.43717,1.96335,0.40371,0.95791,
yolo,9,1.38828,2.00786,0.41141,0.95967,
yolo,10,1.31483,2.01543,0.38106,0.92754,
yolo,11,1.26516,1.98506,0.39541,0.94938,
yolo,12,1.19399,2.00017,0.39987,0.96726,
yolo,13,1.13446,1.99476,0.3907,0.95201,
yolo,14,1.06445,1.99242,0.39084,0.93028,
yolo,15,0.97475,1.97636,0.39554,0.94215,
yolo,16,0.90308,2.00816,0.38036,0.9612,
yolo,17,0.82129,1.98863,0.3982,0.96297,
yolo,18,0.75717,2.0163,0.38694,0.96109,
yolo,19,0.6854,2.00812,0.39902,0.9613,
yolo,20,0.61612,1.99945,0.39264,0.97178,
faster,1,0.48011850174941145,,,,
faster,2,0.4351409934582462,,,,
faster,3,0.4035656292610332,,,,
faster,4,0.36913619529006925,,,,
faster,5,0.31258746673404586,,,,
faster,6,0.26895065110552974,,,,
faster,7,0.2210823205642475,,,,
faster,8,0.1836759108406907,,,,
faster,9,0.1460835108418224,,,,
faster,10,0.12463315949147319,,,,
faster,11,0.09808534003053988,,,,
faster,12,0.08558060868615922,,,,
faster,13,0.0709585466919655,,,,
faster,14,0.05767335949529338,,,,
faster,15,0.04935669205348684,,,,
faster,16,0.03990663684516271,,,,
faster,17,0.03209165846003699,,,,
faster,18,0.02635532100108381,,,,
faster,19,0.02422313423712013,,,,
faster,20,0.02278155596139583,,,,
rfdetr,1,5.457107067108154,,0.4009058177471161,0.962671995162964,0.2251653522253036
rfdetr,2,4.614621162414551,,0.3493547141551971,0.9564356207847596,0.1064234226942062
rfdetr,3,4.499257564544678,,0.4238846004009247,0.977746844291687,0.2315749526023864
rfdetr,4,4.359224319458008,,0.4010890424251556,0.9627808928489684,0.1450132131576538
rfdetr,5,4.2996907234191895,,0.4111963510513305,0.9782893061637878,0.2227235585451126
rfdetr,6,4.261819839477539,,0.3869675993919372,0.962460458278656,0.1623116135597229
rfdetr,7,4.181107521057129,,0.4311193823814392,0.9703980684280396,0.2384016215801239
rfdetr,8,4.144500732421875,,0.4057071208953857,0.9767616987228394,0.181870549917221
rfdetr,9,4.085669994354248,,0.4200851917266845,0.972485601902008,0.2471292465925216
rfdetr,10,4.0070695877075195,,0.4255053997039795,0.9707602858543396,0.2264364063739776
rfdetr,11,3.977066993713379,,0.4242650866508484,0.9575113654136658,0.2469657212495803
rfdetr,12,3.947110176086426,,0.4047623872756958,0.960465371608734,0.2040341943502426
rfdetr,13,3.900111198425293,,0.4176053702831268,0.9661917090415956,0.2275824844837188
rfdetr,14,3.8332359790802,,0.4079292118549347,0.9525840878486632,0.1823686212301254
rfdetr,15,3.7747106552124023,,0.4024379551410675,0.958138108253479,0.2098017334938049
rfdetr,16,3.7589619159698486,,0.4214422702789306,0.9543022513389589,0.2239772379398346
rfdetr,17,3.7268917560577393,,0.4046157002449035,0.965412437915802,0.1860948204994201
rfdetr,18,3.702434778213501,,0.4110105633735657,0.9615430235862732,0.2103073745965957
rfdetr,19,3.650641441345215,,0.4087508022785187,0.9697619080543518,0.2297773510217666
rfdetr,20,3.5670504570007324,,0.4077247381210327,0.9787959456443788,0.2088581174612045
