run,split,feature,group,q25,q75,n_gt,n_images,n_bursts,tp,fn,miss_rate
v2_common20_yolo_mps_20261004,val,size,low_le_train_q25,10.0,13.0,92,59,14,91,1,0.010869565217391304
v2_common20_yolo_mps_20261004,val,size,middle,10.0,13.0,88,62,22,87,1,0.011363636363636364
v2_common20_yolo_mps_20261004,val,size,high_gt_train_q75,10.0,13.0,63,27,7,62,1,0.015873015873015872
v2_common20_yolo_mps_20261004,val,edge,low_le_train_q25,45.840087890625,60.16511535644531,67,53,12,67,0,0.0
v2_common20_yolo_mps_20261004,val,edge,middle,45.840087890625,60.16511535644531,115,85,22,112,3,0.02608695652173913
v2_common20_yolo_mps_20261004,val,edge,high_gt_train_q75,45.840087890625,60.16511535644531,61,33,8,61,0,0.0
v2_common20_yolo_mps_20261004,val,contrast,low_le_train_q25,42.5,57.0,55,42,10,54,1,0.01818181818181818
v2_common20_yolo_mps_20261004,val,contrast,middle,42.5,57.0,123,78,23,121,2,0.016260162601626018
v2_common20_yolo_mps_20261004,val,contrast,high_gt_train_q75,42.5,57.0,65,36,9,65,0,0.0
v2_common20_yolo_mps_20261004,val,box_aspect_ratio,low_le_train_q25,1.0833333333333333,1.2613636363636362,72,54,19,72,0,0.0
v2_common20_yolo_mps_20261004,val,box_aspect_ratio,middle,1.0833333333333333,1.2613636363636362,135,86,23,133,2,0.014814814814814815
v2_common20_yolo_mps_20261004,val,box_aspect_ratio,high_gt_train_q75,1.0833333333333333,1.2613636363636362,36,32,15,35,1,0.027777777777777776
v2_common20_yolo_mps_20261004,val,background_gray,low_le_train_q25,98.0,127.0,56,37,8,55,1,0.017857142857142856
v2_common20_yolo_mps_20261004,val,background_gray,middle,98.0,127.0,113,63,19,111,2,0.017699115044247787
v2_common20_yolo_mps_20261004,val,background_gray,high_gt_train_q75,98.0,127.0,74,36,7,74,0,0.0
v2_common20_yolo_mps_20261004,val,background_std,low_le_train_q25,12.818238071519072,14.234942825634754,82,64,16,81,1,0.012195121951219513
v2_common20_yolo_mps_20261004,val,background_std,middle,12.818238071519072,14.234942825634754,104,73,20,103,1,0.009615384615384616
v2_common20_yolo_mps_20261004,val,background_std,high_gt_train_q75,12.818238071519072,14.234942825634754,57,47,16,56,1,0.017543859649122806
v2_common20_yolo_mps_20261004,test,size,low_le_train_q25,10.0,13.0,71,40,15,69,2,0.028169014084507043
v2_common20_yolo_mps_20261004,test,size,middle,10.0,13.0,114,70,23,113,1,0.008771929824561403
v2_common20_yolo_mps_20261004,test,size,high_gt_train_q75,10.0,13.0,40,24,9,40,0,0.0
v2_common20_yolo_mps_20261004,test,edge,low_le_train_q25,45.840087890625,60.16511535644531,65,51,13,65,0,0.0
v2_common20_yolo_mps_20261004,test,edge,middle,45.840087890625,60.16511535644531,119,86,22,117,2,0.01680672268907563
v2_common20_yolo_mps_20261004,test,edge,high_gt_train_q75,45.840087890625,60.16511535644531,41,30,8,40,1,0.024390243902439025
v2_common20_yolo_mps_20261004,test,contrast,low_le_train_q25,42.5,57.0,59,41,11,58,1,0.01694915254237288
v2_common20_yolo_mps_20261004,test,contrast,middle,42.5,57.0,112,71,21,110,2,0.017857142857142856
v2_common20_yolo_mps_20261004,test,contrast,high_gt_train_q75,42.5,57.0,54,25,6,54,0,0.0
v2_common20_yolo_mps_20261004,test,box_aspect_ratio,low_le_train_q25,1.0833333333333333,1.2613636363636362,54,44,15,53,1,0.018518518518518517
v2_common20_yolo_mps_20261004,test,box_aspect_ratio,middle,1.0833333333333333,1.2613636363636362,115,76,21,114,1,0.008695652173913044
v2_common20_yolo_mps_20261004,test,box_aspect_ratio,high_gt_train_q75,1.0833333333333333,1.2613636363636362,56,42,15,55,1,0.017857142857142856
v2_common20_yolo_mps_20261004,test,background_gray,low_le_train_q25,98.0,127.0,44,34,11,43,1,0.022727272727272728
v2_common20_yolo_mps_20261004,test,background_gray,middle,98.0,127.0,122,75,19,120,2,0.01639344262295082
v2_common20_yolo_mps_20261004,test,background_gray,high_gt_train_q75,98.0,127.0,59,30,6,59,0,0.0
v2_common20_yolo_mps_20261004,test,background_std,low_le_train_q25,12.818238071519072,14.234942825634754,67,47,17,67,0,0.0
v2_common20_yolo_mps_20261004,test,background_std,middle,12.818238071519072,14.234942825634754,113,72,18,111,2,0.017699115044247787
v2_common20_yolo_mps_20261004,test,background_std,high_gt_train_q75,12.818238071519072,14.234942825634754,45,38,13,44,1,0.022222222222222223
v2_common20_faster_cuda_20261004,val,size,low_le_train_q25,10.0,13.0,92,59,14,90,2,0.021739130434782608
v2_common20_faster_cuda_20261004,val,size,middle,10.0,13.0,88,62,22,88,0,0.0
v2_common20_faster_cuda_20261004,val,size,high_gt_train_q75,10.0,13.0,63,27,7,63,0,0.0
v2_common20_faster_cuda_20261004,val,edge,low_le_train_q25,45.840087890625,60.16511535644531,67,53,12,67,0,0.0
v2_common20_faster_cuda_20261004,val,edge,middle,45.840087890625,60.16511535644531,115,85,22,114,1,0.008695652173913044
v2_common20_faster_cuda_20261004,val,edge,high_gt_train_q75,45.840087890625,60.16511535644531,61,33,8,60,1,0.01639344262295082
v2_common20_faster_cuda_20261004,val,contrast,low_le_train_q25,42.5,57.0,55,42,10,55,0,0.0
v2_common20_faster_cuda_20261004,val,contrast,middle,42.5,57.0,123,78,23,121,2,0.016260162601626018
v2_common20_faster_cuda_20261004,val,contrast,high_gt_train_q75,42.5,57.0,65,36,9,65,0,0.0
v2_common20_faster_cuda_20261004,val,box_aspect_ratio,low_le_train_q25,1.0833333333333333,1.2613636363636362,72,54,19,72,0,0.0
v2_common20_faster_cuda_20261004,val,box_aspect_ratio,middle,1.0833333333333333,1.2613636363636362,135,86,23,133,2,0.014814814814814815
v2_common20_faster_cuda_20261004,val,box_aspect_ratio,high_gt_train_q75,1.0833333333333333,1.2613636363636362,36,32,15,36,0,0.0
v2_common20_faster_cuda_20261004,val,background_gray,low_le_train_q25,98.0,127.0,56,37,8,55,1,0.017857142857142856
v2_common20_faster_cuda_20261004,val,background_gray,middle,98.0,127.0,113,63,19,112,1,0.008849557522123894
v2_common20_faster_cuda_20261004,val,background_gray,high_gt_train_q75,98.0,127.0,74,36,7,74,0,0.0
v2_common20_faster_cuda_20261004,val,background_std,low_le_train_q25,12.818238071519072,14.234942825634754,82,64,16,80,2,0.024390243902439025
v2_common20_faster_cuda_20261004,val,background_std,middle,12.818238071519072,14.234942825634754,104,73,20,104,0,0.0
v2_common20_faster_cuda_20261004,val,background_std,high_gt_train_q75,12.818238071519072,14.234942825634754,57,47,16,57,0,0.0
v2_common20_faster_cuda_20261004,test,size,low_le_train_q25,10.0,13.0,71,40,15,70,1,0.014084507042253521
v2_common20_faster_cuda_20261004,test,size,middle,10.0,13.0,114,70,23,113,1,0.008771929824561403
v2_common20_faster_cuda_20261004,test,size,high_gt_train_q75,10.0,13.0,40,24,9,39,1,0.025
v2_common20_faster_cuda_20261004,test,edge,low_le_train_q25,45.840087890625,60.16511535644531,65,51,13,64,1,0.015384615384615385
v2_common20_faster_cuda_20261004,test,edge,middle,45.840087890625,60.16511535644531,119,86,22,118,1,0.008403361344537815
v2_common20_faster_cuda_20261004,test,edge,high_gt_train_q75,45.840087890625,60.16511535644531,41,30,8,40,1,0.024390243902439025
v2_common20_faster_cuda_20261004,test,contrast,low_le_train_q25,42.5,57.0,59,41,11,58,1,0.01694915254237288
v2_common20_faster_cuda_20261004,test,contrast,middle,42.5,57.0,112,71,21,110,2,0.017857142857142856
v2_common20_faster_cuda_20261004,test,contrast,high_gt_train_q75,42.5,57.0,54,25,6,54,0,0.0
v2_common20_faster_cuda_20261004,test,box_aspect_ratio,low_le_train_q25,1.0833333333333333,1.2613636363636362,54,44,15,54,0,0.0
v2_common20_faster_cuda_20261004,test,box_aspect_ratio,middle,1.0833333333333333,1.2613636363636362,115,76,21,115,0,0.0
v2_common20_faster_cuda_20261004,test,box_aspect_ratio,high_gt_train_q75,1.0833333333333333,1.2613636363636362,56,42,15,53,3,0.05357142857142857
v2_common20_faster_cuda_20261004,test,background_gray,low_le_train_q25,98.0,127.0,44,34,11,43,1,0.022727272727272728
v2_common20_faster_cuda_20261004,test,background_gray,middle,98.0,127.0,122,75,19,120,2,0.01639344262295082
v2_common20_faster_cuda_20261004,test,background_gray,high_gt_train_q75,98.0,127.0,59,30,6,59,0,0.0
v2_common20_faster_cuda_20261004,test,background_std,low_le_train_q25,12.818238071519072,14.234942825634754,67,47,17,65,2,0.029850746268656716
v2_common20_faster_cuda_20261004,test,background_std,middle,12.818238071519072,14.234942825634754,113,72,18,113,0,0.0
v2_common20_faster_cuda_20261004,test,background_std,high_gt_train_q75,12.818238071519072,14.234942825634754,45,38,13,44,1,0.022222222222222223
v2_common20_rfdetr_mps_20261004,val,size,low_le_train_q25,10.0,13.0,92,59,14,91,1,0.010869565217391304
v2_common20_rfdetr_mps_20261004,val,size,middle,10.0,13.0,88,62,22,88,0,0.0
v2_common20_rfdetr_mps_20261004,val,size,high_gt_train_q75,10.0,13.0,63,27,7,62,1,0.015873015873015872
v2_common20_rfdetr_mps_20261004,val,edge,low_le_train_q25,45.840087890625,60.16511535644531,67,53,12,67,0,0.0
v2_common20_rfdetr_mps_20261004,val,edge,middle,45.840087890625,60.16511535644531,115,85,22,113,2,0.017391304347826087
v2_common20_rfdetr_mps_20261004,val,edge,high_gt_train_q75,45.840087890625,60.16511535644531,61,33,8,61,0,0.0
v2_common20_rfdetr_mps_20261004,val,contrast,low_le_train_q25,42.5,57.0,55,42,10,54,1,0.01818181818181818
v2_common20_rfdetr_mps_20261004,val,contrast,middle,42.5,57.0,123,78,23,122,1,0.008130081300813009
v2_common20_rfdetr_mps_20261004,val,contrast,high_gt_train_q75,42.5,57.0,65,36,9,65,0,0.0
v2_common20_rfdetr_mps_20261004,val,box_aspect_ratio,low_le_train_q25,1.0833333333333333,1.2613636363636362,72,54,19,72,0,0.0
v2_common20_rfdetr_mps_20261004,val,box_aspect_ratio,middle,1.0833333333333333,1.2613636363636362,135,86,23,133,2,0.014814814814814815
v2_common20_rfdetr_mps_20261004,val,box_aspect_ratio,high_gt_train_q75,1.0833333333333333,1.2613636363636362,36,32,15,36,0,0.0
v2_common20_rfdetr_mps_20261004,val,background_gray,low_le_train_q25,98.0,127.0,56,37,8,56,0,0.0
v2_common20_rfdetr_mps_20261004,val,background_gray,middle,98.0,127.0,113,63,19,111,2,0.017699115044247787
v2_common20_rfdetr_mps_20261004,val,background_gray,high_gt_train_q75,98.0,127.0,74,36,7,74,0,0.0
v2_common20_rfdetr_mps_20261004,val,background_std,low_le_train_q25,12.818238071519072,14.234942825634754,82,64,16,80,2,0.024390243902439025
v2_common20_rfdetr_mps_20261004,val,background_std,middle,12.818238071519072,14.234942825634754,104,73,20,104,0,0.0
v2_common20_rfdetr_mps_20261004,val,background_std,high_gt_train_q75,12.818238071519072,14.234942825634754,57,47,16,57,0,0.0
v2_common20_rfdetr_mps_20261004,test,size,low_le_train_q25,10.0,13.0,71,40,15,68,3,0.04225352112676056
v2_common20_rfdetr_mps_20261004,test,size,middle,10.0,13.0,114,70,23,113,1,0.008771929824561403
v2_common20_rfdetr_mps_20261004,test,size,high_gt_train_q75,10.0,13.0,40,24,9,39,1,0.025
v2_common20_rfdetr_mps_20261004,test,edge,low_le_train_q25,45.840087890625,60.16511535644531,65,51,13,63,2,0.03076923076923077
v2_common20_rfdetr_mps_20261004,test,edge,middle,45.840087890625,60.16511535644531,119,86,22,116,3,0.025210084033613446
v2_common20_rfdetr_mps_20261004,test,edge,high_gt_train_q75,45.840087890625,60.16511535644531,41,30,8,41,0,0.0
v2_common20_rfdetr_mps_20261004,test,contrast,low_le_train_q25,42.5,57.0,59,41,11,58,1,0.01694915254237288
v2_common20_rfdetr_mps_20261004,test,contrast,middle,42.5,57.0,112,71,21,109,3,0.026785714285714284
v2_common20_rfdetr_mps_20261004,test,contrast,high_gt_train_q75,42.5,57.0,54,25,6,53,1,0.018518518518518517
v2_common20_rfdetr_mps_20261004,test,box_aspect_ratio,low_le_train_q25,1.0833333333333333,1.2613636363636362,54,44,15,53,1,0.018518518518518517
v2_common20_rfdetr_mps_20261004,test,box_aspect_ratio,middle,1.0833333333333333,1.2613636363636362,115,76,21,114,1,0.008695652173913044
v2_common20_rfdetr_mps_20261004,test,box_aspect_ratio,high_gt_train_q75,1.0833333333333333,1.2613636363636362,56,42,15,53,3,0.05357142857142857
v2_common20_rfdetr_mps_20261004,test,background_gray,low_le_train_q25,98.0,127.0,44,34,11,44,0,0.0
v2_common20_rfdetr_mps_20261004,test,background_gray,middle,98.0,127.0,122,75,19,117,5,0.040983606557377046
v2_common20_rfdetr_mps_20261004,test,background_gray,high_gt_train_q75,98.0,127.0,59,30,6,59,0,0.0
v2_common20_rfdetr_mps_20261004,test,background_std,low_le_train_q25,12.818238071519072,14.234942825634754,67,47,17,66,1,0.014925373134328358
v2_common20_rfdetr_mps_20261004,test,background_std,middle,12.818238071519072,14.234942825634754,113,72,18,110,3,0.02654867256637168
v2_common20_rfdetr_mps_20261004,test,background_std,high_gt_train_q75,12.818238071519072,14.234942825634754,45,38,13,44,1,0.022222222222222223
v2_common20_dfine_cuda_20261004,val,size,low_le_train_q25,10.0,13.0,92,59,14,91,1,0.010869565217391304
v2_common20_dfine_cuda_20261004,val,size,middle,10.0,13.0,88,62,22,87,1,0.011363636363636364
v2_common20_dfine_cuda_20261004,val,size,high_gt_train_q75,10.0,13.0,63,27,7,62,1,0.015873015873015872
v2_common20_dfine_cuda_20261004,val,edge,low_le_train_q25,45.840087890625,60.16511535644531,67,53,12,67,0,0.0
v2_common20_dfine_cuda_20261004,val,edge,middle,45.840087890625,60.16511535644531,115,85,22,113,2,0.017391304347826087
v2_common20_dfine_cuda_20261004,val,edge,high_gt_train_q75,45.840087890625,60.16511535644531,61,33,8,60,1,0.01639344262295082
v2_common20_dfine_cuda_20261004,val,contrast,low_le_train_q25,42.5,57.0,55,42,10,54,1,0.01818181818181818
v2_common20_dfine_cuda_20261004,val,contrast,middle,42.5,57.0,123,78,23,122,1,0.008130081300813009
v2_common20_dfine_cuda_20261004,val,contrast,high_gt_train_q75,42.5,57.0,65,36,9,64,1,0.015384615384615385
v2_common20_dfine_cuda_20261004,val,box_aspect_ratio,low_le_train_q25,1.0833333333333333,1.2613636363636362,72,54,19,71,1,0.013888888888888888
v2_common20_dfine_cuda_20261004,val,box_aspect_ratio,middle,1.0833333333333333,1.2613636363636362,135,86,23,133,2,0.014814814814814815
v2_common20_dfine_cuda_20261004,val,box_aspect_ratio,high_gt_train_q75,1.0833333333333333,1.2613636363636362,36,32,15,36,0,0.0
v2_common20_dfine_cuda_20261004,val,background_gray,low_le_train_q25,98.0,127.0,56,37,8,56,0,0.0
v2_common20_dfine_cuda_20261004,val,background_gray,middle,98.0,127.0,113,63,19,111,2,0.017699115044247787
v2_common20_dfine_cuda_20261004,val,background_gray,high_gt_train_q75,98.0,127.0,74,36,7,73,1,0.013513513513513514
v2_common20_dfine_cuda_20261004,val,background_std,low_le_train_q25,12.818238071519072,14.234942825634754,82,64,16,81,1,0.012195121951219513
v2_common20_dfine_cuda_20261004,val,background_std,middle,12.818238071519072,14.234942825634754,104,73,20,103,1,0.009615384615384616
v2_common20_dfine_cuda_20261004,val,background_std,high_gt_train_q75,12.818238071519072,14.234942825634754,57,47,16,56,1,0.017543859649122806
v2_common20_dfine_cuda_20261004,test,size,low_le_train_q25,10.0,13.0,71,40,15,69,2,0.028169014084507043
v2_common20_dfine_cuda_20261004,test,size,middle,10.0,13.0,114,70,23,111,3,0.02631578947368421
v2_common20_dfine_cuda_20261004,test,size,high_gt_train_q75,10.0,13.0,40,24,9,40,0,0.0
v2_common20_dfine_cuda_20261004,test,edge,low_le_train_q25,45.840087890625,60.16511535644531,65,51,13,65,0,0.0
v2_common20_dfine_cuda_20261004,test,edge,middle,45.840087890625,60.16511535644531,119,86,22,116,3,0.025210084033613446
v2_common20_dfine_cuda_20261004,test,edge,high_gt_train_q75,45.840087890625,60.16511535644531,41,30,8,39,2,0.04878048780487805
v2_common20_dfine_cuda_20261004,test,contrast,low_le_train_q25,42.5,57.0,59,41,11,57,2,0.03389830508474576
v2_common20_dfine_cuda_20261004,test,contrast,middle,42.5,57.0,112,71,21,109,3,0.026785714285714284
v2_common20_dfine_cuda_20261004,test,contrast,high_gt_train_q75,42.5,57.0,54,25,6,54,0,0.0
v2_common20_dfine_cuda_20261004,test,box_aspect_ratio,low_le_train_q25,1.0833333333333333,1.2613636363636362,54,44,15,53,1,0.018518518518518517
v2_common20_dfine_cuda_20261004,test,box_aspect_ratio,middle,1.0833333333333333,1.2613636363636362,115,76,21,114,1,0.008695652173913044
v2_common20_dfine_cuda_20261004,test,box_aspect_ratio,high_gt_train_q75,1.0833333333333333,1.2613636363636362,56,42,15,53,3,0.05357142857142857
v2_common20_dfine_cuda_20261004,test,background_gray,low_le_train_q25,98.0,127.0,44,34,11,42,2,0.045454545454545456
v2_common20_dfine_cuda_20261004,test,background_gray,middle,98.0,127.0,122,75,19,119,3,0.02459016393442623
v2_common20_dfine_cuda_20261004,test,background_gray,high_gt_train_q75,98.0,127.0,59,30,6,59,0,0.0
v2_common20_dfine_cuda_20261004,test,background_std,low_le_train_q25,12.818238071519072,14.234942825634754,67,47,17,66,1,0.014925373134328358
v2_common20_dfine_cuda_20261004,test,background_std,middle,12.818238071519072,14.234942825634754,113,72,18,110,3,0.02654867256637168
v2_common20_dfine_cuda_20261004,test,background_std,high_gt_train_q75,12.818238071519072,14.234942825634754,45,38,13,44,1,0.022222222222222223
