run,stem,gt_index,iou,score,gt_center_inside_prediction,prediction_to_gt_area,center_distance_px
v2_common20_yolo_mps_20261004,002_20200623_203040(4),19,0.4689315662191698,0.8507654,True,1.6578200881278888,0.9976909659789738
v2_common20_yolo_mps_20261004,001_20200826_023328(3),220,0.4989696608448985,0.8972464,True,1.4084310067711399,2.8057344677101734
v2_common20_faster_cuda_20261004,002_20200623_203040(4),19,0.4624690219597515,0.9999958,True,1.7244138733749335,1.3609172073105325
v2_common20_faster_cuda_20261004,002_20200623_043109(4),91,0.4985215318563066,0.9999969,True,0.562834351086125,2.245157977758663
v2_common20_faster_cuda_20261004,001_20200625_043346(2),192,0.459438411005671,0.99999726,True,2.176570299838636,1.133204244424398
v2_common20_rfdetr_mps_20261004,002_20200623_043039(3),2,0.4804317633009962,0.8253931,True,2.006626367478834,1.2012111558539045
v2_common20_rfdetr_mps_20261004,002_20200623_203040(4),19,0.4721677226034339,0.804002,True,1.7634083357310002,1.1221003172533843
v2_common20_rfdetr_mps_20261004,002_20200623_043115(4),94,0.4995158417478886,0.7961029,True,0.5466763907902726,1.3561139927680723
v2_common20_rfdetr_mps_20261004,001_20200629_123107(1),199,0.4539799168658395,0.81012017,True,1.8672137922876664,1.4607649911043397
v2_common20_dfine_cuda_20261004,002_20200623_203040(4),19,0.3967926024874733,0.8519576,True,1.9774749131548444,1.5844494920074772
v2_common20_dfine_cuda_20261004,001_20200623_003532(5),174,0.4454564079944272,0.8853197,True,2.24488857282868,0.8800859396766112
v2_common20_dfine_cuda_20261004,001_20200625_043346(2),192,0.4655098100517991,0.8924505,True,2.148182440857102,0.6819435692496898
v2_common20_dfine_cuda_20261004,001_20200629_123107(1),199,0.4787045026766633,0.88216376,True,1.9265556017182288,1.008775825912153
v2_common20_dfine_cuda_20261004,001_20200629_123111(6),201,0.4609450199205017,0.8792151,True,2.169456132040364,0.5526067972804292
