run,split,threshold,error,stem,gt_index,pred_index,category,machine,cx,cy,w,h,size,contrast,companion_pred_index,companion_iou,companion_distance_px,companion_score,score,companion_gt_index
v2_common20_yolo_mps_20261004,val,0.68106407,FN,002_20200623_163032(5),103.0,,nearby_selected_box_iou_below_0.5,2호기,157.5,187.0,7.0,8.0,8.0,45.0,130.0,0.4052116892404105,1.0395222577544385,0.9039183,,
v2_common20_yolo_mps_20261004,val,0.68106407,FN,001_20200629_082834(2),220.0,,nearby_selected_box_iou_below_0.5,3호기,350.0,263.0,20.0,18.0,20.0,25.0,68.0,0.4064566194335013,1.9423564767178922,0.8791109,,
v2_common20_yolo_mps_20261004,val,0.68106407,FN,001_20200814_203442(4),235.0,,nearby_selected_box_iou_below_0.5,3호기,327.5,166.0,9.0,12.0,12.0,49.0,85.0,0.4533516776414397,2.7680056140177256,0.9176716,,
v2_common20_yolo_mps_20261004,val,0.68106407,FP,001_20200814_203442(4),,85.0,nearby_missed_gt_iou_below_0.5,3호기,328.43267822265625,163.39385986328125,13.693634,13.762161,,,,0.4533516776414397,2.7680056140177256,,0.9176716,235.0
v2_common20_yolo_mps_20261004,val,0.68106407,FP,002_20200623_163032(5),,130.0,nearby_missed_gt_iou_below_0.5,2호기,158.08106994628906,187.86195373535156,11.325256,12.202759,,,,0.4052116892404105,1.0395222577544385,,0.9039183,103.0
v2_common20_yolo_mps_20261004,val,0.68106407,FP,002_20200625_042957(3),,188.0,unmatched_prediction_requires_visual_review,1호기,243.0485076904297,198.9302215576172,10.188293,9.485718,,,,0.0,34.91850565374367,,0.88982064,52.0
v2_common20_yolo_mps_20261004,val,0.68106407,FP,001_20200629_082834(2),,68.0,nearby_missed_gt_iou_below_0.5,3호기,351.93621826171875,263.154296875,11.955719,12.238861,,,,0.4064566194335013,1.9423564767178922,,0.8791109,220.0
v2_common20_yolo_mps_20261004,test,0.68106407,FN,002_20200623_203040(4),19.0,,nearby_selected_box_iou_below_0.5,1호기,202.5,206.5,9.0,5.0,9.0,56.0,113.0,0.46893156621916987,0.9976909659789738,0.8507654,,
v2_common20_yolo_mps_20261004,test,0.68106407,FN,001_20200826_023328(3),220.0,,nearby_selected_box_iou_below_0.5,3호기,321.0,206.0,10.0,10.0,10.0,48.0,69.0,0.4989696608448985,2.8057344677101734,0.8972464,,
v2_common20_yolo_mps_20261004,test,0.68106407,FN,001_20200831_123316(5),224.0,,matching_box_below_threshold,3호기,476.5,114.0,11.0,12.0,12.0,42.0,73.0,0.7854796291325691,0.8565880543406823,0.6244955,,
v2_common20_yolo_mps_20261004,test,0.68106407,FP,001_20200826_023328(3),,69.0,nearby_missed_gt_iou_below_0.5,3호기,322.78802490234375,208.1622009277344,12.264313,11.483978,,,,0.4989696608448985,2.8057344677101734,,0.8972464,220.0
v2_common20_yolo_mps_20261004,test,0.68106407,FP,002_20200623_203040(4),,113.0,nearby_missed_gt_iou_below_0.5,1호기,201.54449462890625,206.78704833984375,8.183365,9.116287,,,,0.46893156621916987,0.9976909659789738,,0.8507654,19.0
v2_common20_faster_cuda_20261004,val,0.9999857,FN,001_20200819_124414(0),237.0,,nearby_selected_box_iou_below_0.5,3호기,327.5,169.0,9.0,8.0,9.0,47.0,79.0,0.4958542980885136,2.020337040194173,0.9999964,,
v2_common20_faster_cuda_20261004,val,0.9999857,FN,001_20200922_163332(2),241.0,,nearby_selected_box_iou_below_0.5,3호기,477.0,187.5,10.0,9.0,10.0,47.0,84.0,0.46036094494990953,1.1122690853218602,0.9999982,,
v2_common20_faster_cuda_20261004,val,0.9999857,FP,001_20200922_163332(2),,84.0,nearby_missed_gt_iou_below_0.5,3호기,477.4583740234375,186.486572265625,14.226318,13.74205,,,,0.46036094494990953,1.1122690853218602,,0.9999982,241.0
v2_common20_faster_cuda_20261004,val,0.9999857,FP,001_20200819_124414(0),,79.0,nearby_missed_gt_iou_below_0.5,3호기,328.7950744628906,170.5506591796875,11.039001,12.551254,,,,0.4958542980885136,2.020337040194173,,0.9999964,237.0
v2_common20_faster_cuda_20261004,test,0.9999857,FN,002_20200623_203040(4),19.0,,nearby_selected_box_iou_below_0.5,1호기,202.5,206.5,9.0,5.0,9.0,56.0,105.0,0.46246902195975154,1.3609172073105325,0.9999958,,
v2_common20_faster_cuda_20261004,test,0.9999857,FN,002_20200623_043109(4),91.0,,nearby_selected_box_iou_below_0.5,2호기,157.0,205.0,12.0,16.0,16.0,43.0,95.0,0.4985215318563066,2.245157977758663,0.9999969,,
v2_common20_faster_cuda_20261004,test,0.9999857,FN,001_20200625_043346(2),192.0,,nearby_selected_box_iou_below_0.5,3호기,347.5,197.0,11.0,8.0,11.0,38.0,31.0,0.45943841100567107,1.133204244424398,0.99999726,,
v2_common20_faster_cuda_20261004,test,0.9999857,FP,001_20200625_043346(2),,31.0,nearby_missed_gt_iou_below_0.5,3호기,346.64202880859375,197.74029541015625,14.236206,13.4543,,,,0.45943841100567107,1.133204244424398,,0.99999726,192.0
v2_common20_faster_cuda_20261004,test,0.9999857,FP,002_20200623_043109(4),,95.0,nearby_missed_gt_iou_below_0.5,2호기,158.59359741210938,206.58151245117188,10.398651,10.392136,,,,0.4985215318563066,2.245157977758663,,0.9999969,91.0
v2_common20_faster_cuda_20261004,test,0.9999857,FP,002_20200623_203040(4),,105.0,nearby_missed_gt_iou_below_0.5,1호기,201.14044189453125,206.4391937255859,9.226608,8.410309,,,,0.46246902195975154,1.3609172073105325,,0.9999958,19.0
v2_common20_rfdetr_mps_20261004,val,0.70370466,FN,001_20200629_082834(2),220.0,,nearby_selected_box_iou_below_0.5,3호기,350.0,263.0,20.0,18.0,20.0,25.0,5495.0,0.4236212849060167,2.28211384577746,0.7889233,,
v2_common20_rfdetr_mps_20261004,val,0.70370466,FN,001_20200819_124414(0),237.0,,nearby_selected_box_iou_below_0.5,3호기,327.5,169.0,9.0,8.0,9.0,47.0,8645.0,0.4893559989160847,2.2812635971670043,0.79433346,,
v2_common20_rfdetr_mps_20261004,val,0.70370466,FP,001_20200819_124414(0),,8645.0,nearby_missed_gt_iou_below_0.5,3호기,329.20684814453125,170.5135498046875,11.421387,11.824463,,,,0.4893559989160847,2.2812635971670043,,0.79433346,237.0
v2_common20_rfdetr_mps_20261004,val,0.70370466,FP,001_20200629_082834(2),,5495.0,nearby_missed_gt_iou_below_0.5,3호기,352.2767333984375,263.1566162109375,13.146515,11.600311,,,,0.4236212849060167,2.28211384577746,,0.7889233,220.0
v2_common20_rfdetr_mps_20261004,test,0.70370466,FN,002_20200623_043039(3),2.0,,nearby_selected_box_iou_below_0.5,1호기,205.0,204.5,6.0,6.999999999999999,6.999999999999999,62.0,8587.0,0.48043176330099624,1.2012111558539043,0.8253931,,
v2_common20_rfdetr_mps_20261004,test,0.70370466,FN,002_20200623_203040(4),19.0,,nearby_selected_box_iou_below_0.5,1호기,202.5,206.5,9.0,5.0,9.0,56.0,11989.0,0.4721677226034339,1.1221003172533843,0.804002,,
v2_common20_rfdetr_mps_20261004,test,0.70370466,FN,002_20200623_043115(4),94.0,,nearby_selected_box_iou_below_0.5,2호기,153.5,205.0,11.0,18.0,18.0,42.0,11439.0,0.49951584174788866,1.3561139927680725,0.7961029,,
v2_common20_rfdetr_mps_20261004,test,0.70370466,FN,001_20200629_123107(1),199.0,,nearby_selected_box_iou_below_0.5,3호기,351.0,247.99999999999997,8.0,12.0,12.0,49.0,3480.0,0.45397991686583955,1.4607649911043397,0.81012017,,
v2_common20_rfdetr_mps_20261004,test,0.70370466,FN,001_20200826_023328(3),220.0,,no_matching_box_in_saved_predictions,3호기,321.0,206.0,10.0,10.0,10.0,48.0,7203.0,0.45739309061404765,3.3321334405614804,0.006616022,,
v2_common20_rfdetr_mps_20261004,test,0.70370466,FP,002_20200623_043039(3),,8587.0,nearby_missed_gt_iou_below_0.5,1호기,205.2057647705078,205.68345642089844,9.336334,9.0269165,,,,0.48043176330099624,1.2012111558539043,,0.8253931,2.0
v2_common20_rfdetr_mps_20261004,test,0.70370466,FP,001_20200629_123107(1),,3480.0,nearby_missed_gt_iou_below_0.5,3호기,350.59490966796875,246.59652709960935,14.582092,12.292648,,,,0.45397991686583955,1.4607649911043397,,0.81012017,199.0
v2_common20_rfdetr_mps_20261004,test,0.70370466,FP,002_20200623_203040(4),,11989.0,nearby_missed_gt_iou_below_0.5,1호기,201.39442443847656,206.30813598632812,9.164673,8.658615,,,,0.4721677226034339,1.1221003172533843,,0.804002,19.0
v2_common20_rfdetr_mps_20261004,test,0.70370466,FP,002_20200623_043115(4),,11439.0,nearby_missed_gt_iou_below_0.5,2호기,154.34365844726562,206.06173706054688,10.523529,10.285706,,,,0.49951584174788866,1.3561139927680725,,0.7961029,94.0
v2_common20_dfine_cuda_20261004,val,0.72014374,FN,002_20200624_203017(4),24.0,,nearby_selected_box_iou_below_0.5,1호기,200.5,134.5,13.0,13.0,13.0,65.0,7658.0,0.4841903253102925,2.3543508739716477,0.91821444,,
v2_common20_dfine_cuda_20261004,val,0.72014374,FN,001_20200624_123322(3),187.0,,nearby_selected_box_iou_below_0.5,3호기,374.0,219.0,18.0,16.0,18.0,39.0,1169.0,0.42336649877515975,0.6075020159201768,0.8810649,,
v2_common20_dfine_cuda_20261004,val,0.72014374,FN,001_20200819_124414(0),237.0,,nearby_selected_box_iou_below_0.5,3호기,327.5,169.0,9.0,8.0,9.0,47.0,4263.0,0.4616286991180462,1.6774311060804918,0.8656464,,
v2_common20_dfine_cuda_20261004,val,0.72014374,FP,002_20200624_203017(4),,7658.0,nearby_missed_gt_iou_below_0.5,1호기,200.27731323242188,132.1562042236328,9.443893,9.678246,,,,0.4841903253102925,2.3543508739716477,,0.91821444,24.0
v2_common20_dfine_cuda_20261004,val,0.72014374,FP,001_20200624_123322(3),,1169.0,nearby_missed_gt_iou_below_0.5,3호기,374.340087890625,218.49661254882812,10.506989,11.604614,,,,0.42336649877515975,0.6075020159201768,,0.8810649,187.0
v2_common20_dfine_cuda_20261004,val,0.72014374,FP,001_20200819_124414(0),,4263.0,nearby_missed_gt_iou_below_0.5,3호기,329.0145263671875,169.72109985351562,11.4921875,12.980133,,,,0.4616286991180462,1.6774311060804918,,0.8656464,237.0
v2_common20_dfine_cuda_20261004,val,0.72014374,FP,002_20200629_082639(2),,10892.0,unmatched_prediction_requires_visual_review,1호기,228.07183837890625,197.46218872070312,7.2571564,8.8517,,,,0.0,26.048843256021485,,0.7489064,58.0
v2_common20_dfine_cuda_20261004,test,0.72014374,FN,002_20200623_203040(4),19.0,,nearby_selected_box_iou_below_0.5,1호기,202.5,206.5,9.0,5.0,9.0,56.0,6455.0,0.3967926024874733,1.5844494920074772,0.8519576,,
v2_common20_dfine_cuda_20261004,test,0.72014374,FN,001_20200623_003532(5),174.0,,nearby_selected_box_iou_below_0.5,3호기,363.0,228.99999999999997,10.0,10.0,10.0,48.0,649.0,0.4454564079944272,0.8800859396766112,0.8853197,,
v2_common20_dfine_cuda_20261004,test,0.72014374,FN,001_20200625_043346(2),192.0,,nearby_selected_box_iou_below_0.5,3호기,347.5,197.0,11.0,8.0,11.0,38.0,1617.0,0.46550981005179914,0.6819435692496898,0.8924505,,
v2_common20_dfine_cuda_20261004,test,0.72014374,FN,001_20200629_123107(1),199.0,,nearby_selected_box_iou_below_0.5,3호기,351.0,247.99999999999997,8.0,12.0,12.0,49.0,1889.0,0.4787045026766633,1.008775825912153,0.88216376,,
v2_common20_dfine_cuda_20261004,test,0.72014374,FN,001_20200629_123111(6),201.0,,nearby_selected_box_iou_below_0.5,3호기,354.5,200.5,11.0,9.0,11.0,42.0,2031.0,0.4609450199205017,0.5526067972804292,0.8792151,,
v2_common20_dfine_cuda_20261004,test,0.72014374,FP,001_20200625_043346(2),,1617.0,nearby_missed_gt_iou_below_0.5,3호기,347.4190673828125,197.6771240234375,13.763275,13.735107,,,,0.46550981005179914,0.6819435692496898,,0.8924505,192.0
v2_common20_dfine_cuda_20261004,test,0.72014374,FP,001_20200623_003532(5),,649.0,nearby_missed_gt_iou_below_0.5,3호기,362.2379760742187,228.5596923828125,14.491241,15.491348,,,,0.4454564079944272,0.8800859396766112,,0.8853197,174.0
v2_common20_dfine_cuda_20261004,test,0.72014374,FP,001_20200629_123107(1),,1889.0,nearby_missed_gt_iou_below_0.5,3호기,350.7239685058594,247.02972412109375,14.587463,12.67865,,,,0.4787045026766633,1.008775825912153,,0.88216376,199.0
v2_common20_dfine_cuda_20261004,test,0.72014374,FP,001_20200629_123111(6),,2031.0,nearby_missed_gt_iou_below_0.5,3호기,354.9249267578125,200.8532867431641,14.987946,14.329926,,,,0.4609450199205017,0.5526067972804292,,0.8792151,201.0
v2_common20_dfine_cuda_20261004,test,0.72014374,FP,002_20200623_203040(4),,6455.0,nearby_missed_gt_iou_below_0.5,1호기,200.98190307617188,206.04627990722656,9.261017,9.608704,,,,0.3967926024874733,1.5844494920074772,,0.8519576,19.0
v2_common20_dfine_cuda_20261004,test,0.72014374,FP,001_20200625_043341(7),,1475.0,duplicate_of_already_matched_gt,3호기,351.37872314453125,250.2730712890625,13.098785,14.073547,,,,0.6537184804865994,1.978872446832449,,0.76673883,190.0
