name,role,review,fixed_threshold,fixed_f1,fixed_tp,fixed_fp,fixed_fn,validation_tuned_f1,validation_tuned_fp,validation_tuned_fn,validation_tuned_threshold,routed_images,review_mean_ms
base_dfine,candidate,dfine,0.72014374,0.0,0,93,243,0.08643042350907519,864,193,0.0142401922494173,107,41.40154751405695
base_dfine,miss,dfine,0.72014374,0.8774193548387097,204,18,39,0.9120654396728016,23,20,0.3246023952960968,0,83.92629130837385
base_rf,candidate,rfdetr,0.70370466,0.0736196319018405,12,71,231,0.2222222222222222,181,190,0.5586833357810974,107,59.33184962611798
base_rf,miss,rfdetr,0.70370466,0.9876543209876543,240,3,3,0.9876543209876543,3,3,0.729680061340332,0,121.41207511222856
candidate_ep1,candidate,rfdetr,0.70370466,0.2302158273381295,32,3,211,0.8842105263157894,22,33,0.5567113757133484,107,55.35850736447241
candidate_ep2,candidate,rfdetr,0.70370466,0.00819672131147541,1,0,242,0.9421487603305785,13,15,0.5808963775634766,107,55.327177261783746
candidate_ep3,candidate,rfdetr,0.70370466,0.7216494845360825,140,5,103,0.9447852760736196,15,12,0.5837128162384033,107,55.47405023362529
miss_ep1,miss,rfdetr,0.70370466,0.9685534591194969,231,3,12,0.9876543209876543,3,3,0.6916486024856567,0,113.20965852335695
miss_ep2,miss,rfdetr,0.70370466,0.987603305785124,239,2,4,0.9917695473251029,2,2,0.6984637379646301,0,113.18071649529713
miss_ep3,miss,rfdetr,0.70370466,0.975,234,3,9,0.9876543209876543,3,3,0.6921712756156921,0,112.95209389722446
