repeat,stem,first_boxes,second_boxes,state,error,milliseconds
0,001_20200623_203217(4),3,3,TWO_MODELS_CORRESPOND_NOT_TRUTH_CONFIRMED,,40.12479199991503
0,001_20200623_203222(0),3,3,TWO_MODELS_CORRESPOND_NOT_TRUTH_CONFIRMED,,44.21179100063455
0,001_20200623_203226(3),3,3,TWO_MODELS_CORRESPOND_NOT_TRUTH_CONFIRMED,,38.22000000036496
0,001_20200623_203230(9),3,3,TWO_MODELS_CORRESPOND_NOT_TRUTH_CONFIRMED,,39.28904200074612
0,001_20200623_203235(3),3,3,TWO_MODELS_CORRESPOND_NOT_TRUTH_CONFIRMED,,40.322583001398016
0,001_20200623_203247(5),3,3,TWO_MODELS_CORRESPOND_NOT_TRUTH_CONFIRMED,,49.73233399869059
0,001_20200624_123313(4),3,3,TWO_MODELS_CORRESPOND_NOT_TRUTH_CONFIRMED,,37.0866670000396
0,001_20200624_123317(8),3,3,TWO_MODELS_CORRESPOND_NOT_TRUTH_CONFIRMED,,38.21008300110407
0,001_20200624_123322(3),3,3,TWO_MODELS_CORRESPOND_NOT_TRUTH_CONFIRMED,,37.97975000088627
0,001_20200624_123326(6),3,3,TWO_MODELS_CORRESPOND_NOT_TRUTH_CONFIRMED,,38.04862499964656
0,001_20200624_123331(2),3,3,TWO_MODELS_CORRESPOND_NOT_TRUTH_CONFIRMED,,37.56920900013938
0,001_20200624_123335(6),3,3,TWO_MODELS_CORRESPOND_NOT_TRUTH_CONFIRMED,,37.19449999880453
0,001_20200624_162816(3),3,3,TWO_MODELS_CORRESPOND_NOT_TRUTH_CONFIRMED,,37.49762500046927
0,001_20200624_162821(2),3,3,TWO_MODELS_CORRESPOND_NOT_TRUTH_CONFIRMED,,36.96612499879848
0,001_20200624_162831(2),3,3,TWO_MODELS_CORRESPOND_NOT_TRUTH_CONFIRMED,,42.96458299904771
0,001_20200624_162835(8),3,3,TWO_MODELS_CORRESPOND_NOT_TRUTH_CONFIRMED,,50.960625001607696
0,001_20200629_082825(1),3,3,TWO_MODELS_CORRESPOND_NOT_TRUTH_CONFIRMED,,35.91516600135947
0,001_20200629_082828(0),3,3,TWO_MODELS_CORRESPOND_NOT_TRUTH_CONFIRMED,,36.43625000040629
0,001_20200629_082831(0),3,3,TWO_MODELS_CORRESPOND_NOT_TRUTH_CONFIRMED,,39.713874999506515
0,001_20200629_082834(2),3,3,TWO_MODELS_CORRESPOND_NOT_TRUTH_CONFIRMED,,37.24441699887393
0,001_20200629_082837(2),3,3,TWO_MODELS_CORRESPOND_NOT_TRUTH_CONFIRMED,,37.35558299922559
0,001_20200629_082840(2),3,3,TWO_MODELS_CORRESPOND_NOT_TRUTH_CONFIRMED,,36.68804100016132
0,001_20200629_082905(4),3,3,TWO_MODELS_CORRESPOND_NOT_TRUTH_CONFIRMED,,48.97079200054577
0,001_20200811_003323(2),1,1,TWO_MODELS_CORRESPOND_NOT_TRUTH_CONFIRMED,,44.48870900159818
0,001_20200811_003327(0),1,1,TWO_MODELS_CORRESPOND_NOT_TRUTH_CONFIRMED,,36.24866700010898
0,001_20200814_083045(8),1,1,TWO_MODELS_CORRESPOND_NOT_TRUTH_CONFIRMED,,36.87408299992967
0,001_20200814_083051(9),1,1,TWO_MODELS_CORRESPOND_NOT_TRUTH_CONFIRMED,,36.567582999850856
0,001_20200814_203438(9),1,1,TWO_MODELS_CORRESPOND_NOT_TRUTH_CONFIRMED,,40.94854200047848
0,001_20200814_203442(4),1,1,TWO_MODELS_CORRESPOND_NOT_TRUTH_CONFIRMED,,52.04033299924049
0,001_20200818_123634(4),1,1,TWO_MODELS_CORRESPOND_NOT_TRUTH_CONFIRMED,,51.99095799980569
0,001_20200819_124414(0),1,1,TWO_MODELS_CORRESPOND_NOT_TRUTH_CONFIRMED,,57.57583299964608
0,001_20200819_124415(9),1,1,TWO_MODELS_CORRESPOND_NOT_TRUTH_CONFIRMED,,36.58270799860475
0,001_20200821_150525(5),1,1,TWO_MODELS_CORRESPOND_NOT_TRUTH_CONFIRMED,,52.95362500146439
0,001_20200821_150529(4),1,1,TWO_MODELS_CORRESPOND_NOT_TRUTH_CONFIRMED,,37.49333399900934
0,001_20200922_163332(2),1,1,TWO_MODELS_CORRESPOND_NOT_TRUTH_CONFIRMED,,37.5757080000767
0,001_20200922_163335(3),1,1,TWO_MODELS_CORRESPOND_NOT_TRUTH_CONFIRMED,,36.06324999964272
0,002_20200623_123032(7),3,3,TWO_MODELS_CORRESPOND_NOT_TRUTH_CONFIRMED,,37.634166999851004
0,002_20200623_123036(5),3,3,TWO_MODELS_CORRESPOND_NOT_TRUTH_CONFIRMED,,35.35516599913535
0,002_20200623_123040(5),3,3,TWO_MODELS_CORRESPOND_NOT_TRUTH_CONFIRMED,,41.85670900005789
0,002_20200623_123044(3),3,3,TWO_MODELS_CORRESPOND_NOT_TRUTH_CONFIRMED,,35.534125001504435
0,002_20200623_123048(4),3,3,TWO_MODELS_CORRESPOND_NOT_TRUTH_CONFIRMED,,34.481416001654
0,002_20200623_123052(5),3,3,TWO_MODELS_CORRESPOND_NOT_TRUTH_CONFIRMED,,35.549416999856476
0,002_20200623_163020(3),3,3,TWO_MODELS_CORRESPOND_NOT_TRUTH_CONFIRMED,,53.83687500034284
0,002_20200623_163023(3),3,3,TWO_MODELS_CORRESPOND_NOT_TRUTH_CONFIRMED,,37.91500000079395
0,002_20200623_163026(3),3,3,TWO_MODELS_CORRESPOND_NOT_TRUTH_CONFIRMED,,36.4276250002149
0,002_20200623_163029(6),3,3,TWO_MODELS_CORRESPOND_NOT_TRUTH_CONFIRMED,,38.61641699950269
0,002_20200623_163032(5),3,3,TWO_MODELS_CORRESPOND_NOT_TRUTH_CONFIRMED,,35.61595800056239
0,002_20200623_163035(5),3,3,TWO_MODELS_CORRESPOND_NOT_TRUTH_CONFIRMED,,36.82729200045287
0,002_20200624_203003(9),3,3,TWO_MODELS_CORRESPOND_NOT_TRUTH_CONFIRMED,,36.29620899846486
0,002_20200624_203012(9),3,3,TWO_MODELS_CORRESPOND_NOT_TRUTH_CONFIRMED,,36.25070800080721
0,002_20200624_203017(4),3,3,TWO_MODELS_CORRESPOND_NOT_TRUTH_CONFIRMED,,36.537834001137526
0,002_20200624_203021(9),3,3,TWO_MODELS_CORRESPOND_NOT_TRUTH_CONFIRMED,,35.14999999970314
0,002_20200624_203026(4),3,3,TWO_MODELS_CORRESPOND_NOT_TRUTH_CONFIRMED,,34.3747919996531
0,002_20200624_203044(4),3,3,TWO_MODELS_CORRESPOND_NOT_TRUTH_CONFIRMED,,35.67408399976557
0,002_20200625_003352(9),3,3,TWO_MODELS_CORRESPOND_NOT_TRUTH_CONFIRMED,,49.44849999992584
0,002_20200625_003357(4),3,3,TWO_MODELS_CORRESPOND_NOT_TRUTH_CONFIRMED,,34.80454199961969
0,002_20200625_003401(8),3,3,TWO_MODELS_CORRESPOND_NOT_TRUTH_CONFIRMED,,47.78541700034111
0,002_20200625_003406(3),3,3,TWO_MODELS_CORRESPOND_NOT_TRUTH_CONFIRMED,,34.439665998434066
0,002_20200625_003410(8),3,3,TWO_MODELS_CORRESPOND_NOT_TRUTH_CONFIRMED,,38.05445800026064
0,002_20200625_003415(4),3,3,TWO_MODELS_CORRESPOND_NOT_TRUTH_CONFIRMED,,35.699250000106986
0,002_20200625_042934(9),3,3,TWO_MODELS_CORRESPOND_NOT_TRUTH_CONFIRMED,,35.38587500042922
0,002_20200625_042939(2),3,3,TWO_MODELS_CORRESPOND_NOT_TRUTH_CONFIRMED,,46.81995800092409
0,002_20200625_042943(7),3,3,TWO_MODELS_CORRESPOND_NOT_TRUTH_CONFIRMED,,36.0053339991282
0,002_20200625_042948(3),3,3,TWO_MODELS_CORRESPOND_NOT_TRUTH_CONFIRMED,,35.409207999691716
0,002_20200625_042952(8),3,3,TWO_MODELS_CORRESPOND_NOT_TRUTH_CONFIRMED,,35.71754100084945
0,002_20200625_042957(3),4,3,REINSPECTION_DISAGREEMENT,,41.38291600065713
0,002_20200629_082630(7),3,3,TWO_MODELS_CORRESPOND_NOT_TRUTH_CONFIRMED,,34.33354099979624
0,002_20200629_082639(2),3,3,TWO_MODELS_CORRESPOND_NOT_TRUTH_CONFIRMED,,48.87299999973038
0,002_20200629_082642(2),3,3,TWO_MODELS_CORRESPOND_NOT_TRUTH_CONFIRMED,,34.14275000068301
0,002_20200629_082645(4),3,3,TWO_MODELS_CORRESPOND_NOT_TRUTH_CONFIRMED,,34.47670900095545
0,002_20200629_082823(5),3,3,TWO_MODELS_CORRESPOND_NOT_TRUTH_CONFIRMED,,35.39808300047298
0,002_20200629_082828(5),3,3,TWO_MODELS_CORRESPOND_NOT_TRUTH_CONFIRMED,,36.57779199966171
0,002_20200629_082831(3),3,3,TWO_MODELS_CORRESPOND_NOT_TRUTH_CONFIRMED,,34.51691600093909
0,002_20200629_082834(2),3,3,TWO_MODELS_CORRESPOND_NOT_TRUTH_CONFIRMED,,34.82487499968556
0,002_20200629_082837(0),3,3,TWO_MODELS_CORRESPOND_NOT_TRUTH_CONFIRMED,,36.117749999903026
0,002_20200629_082839(9),3,3,TWO_MODELS_CORRESPOND_NOT_TRUTH_CONFIRMED,,33.96508299920242
0,002_20200715_002443(4),3,3,TWO_MODELS_CORRESPOND_NOT_TRUTH_CONFIRMED,,35.66412500003935
0,002_20200715_002447(9),3,3,TWO_MODELS_CORRESPOND_NOT_TRUTH_CONFIRMED,,34.77249999923515
0,002_20200715_002456(9),3,3,TWO_MODELS_CORRESPOND_NOT_TRUTH_CONFIRMED,,35.92404200026067
0,002_20200715_002509(0),3,3,TWO_MODELS_CORRESPOND_NOT_TRUTH_CONFIRMED,,35.53933399962261
0,002_20200715_002513(4),3,3,TWO_MODELS_CORRESPOND_NOT_TRUTH_CONFIRMED,,33.79949999907694
0,002_20200901_191340(2),1,1,TWO_MODELS_CORRESPOND_NOT_TRUTH_CONFIRMED,,45.334832999287755
0,002_20200901_191343(2),1,1,TWO_MODELS_CORRESPOND_NOT_TRUTH_CONFIRMED,,35.71883400036313
0,002_20200901_191346(1),1,1,TWO_MODELS_CORRESPOND_NOT_TRUTH_CONFIRMED,,34.11066700027732
0,002_20200901_191348(8),1,1,TWO_MODELS_CORRESPOND_NOT_TRUTH_CONFIRMED,,33.72670799944899
0,002_20200901_191351(5),1,1,TWO_MODELS_CORRESPOND_NOT_TRUTH_CONFIRMED,,34.25837500071793
0,002_20200905_003315(2),1,1,TWO_MODELS_CORRESPOND_NOT_TRUTH_CONFIRMED,,34.783208999215276
0,002_20200905_003319(2),1,1,TWO_MODELS_CORRESPOND_NOT_TRUTH_CONFIRMED,,37.169834000451374
0,002_20200905_003323(3),1,1,TWO_MODELS_CORRESPOND_NOT_TRUTH_CONFIRMED,,34.74345799986622
0,002_20200905_003327(3),1,1,TWO_MODELS_CORRESPOND_NOT_TRUTH_CONFIRMED,,34.11433400106034
0,002_20200905_003331(2),1,1,TWO_MODELS_CORRESPOND_NOT_TRUTH_CONFIRMED,,37.584083000183455
0,002_20200905_003335(3),1,1,TWO_MODELS_CORRESPOND_NOT_TRUTH_CONFIRMED,,34.579749999466
0,002_20200905_083407(3),1,1,TWO_MODELS_CORRESPOND_NOT_TRUTH_CONFIRMED,,38.700834000337636
0,002_20200905_083410(5),1,1,TWO_MODELS_CORRESPOND_NOT_TRUTH_CONFIRMED,,34.57383400018443
0,002_20200905_083413(6),1,1,TWO_MODELS_CORRESPOND_NOT_TRUTH_CONFIRMED,,34.153250000599655
0,002_20200905_083416(3),1,1,TWO_MODELS_CORRESPOND_NOT_TRUTH_CONFIRMED,,34.59975000077975
0,002_20200905_083419(3),1,1,TWO_MODELS_CORRESPOND_NOT_TRUTH_CONFIRMED,,34.62512500118464
0,002_20200905_083422(4),1,1,TWO_MODELS_CORRESPOND_NOT_TRUTH_CONFIRMED,,34.5727909989364
0,002_20200905_123103(4),1,1,TWO_MODELS_CORRESPOND_NOT_TRUTH_CONFIRMED,,34.52154199840152
0,002_20200905_123107(5),1,1,TWO_MODELS_CORRESPOND_NOT_TRUTH_CONFIRMED,,33.45725000144739
0,002_20200905_123111(6),1,1,TWO_MODELS_CORRESPOND_NOT_TRUTH_CONFIRMED,,34.46491700015031
0,002_20200906_003059(0),1,1,TWO_MODELS_CORRESPOND_NOT_TRUTH_CONFIRMED,,34.371707999525825
0,002_20200906_003114(8),1,1,TWO_MODELS_CORRESPOND_NOT_TRUTH_CONFIRMED,,33.861375000924454
0,002_20200906_003118(7),1,1,TWO_MODELS_CORRESPOND_NOT_TRUTH_CONFIRMED,,35.002250000616186
0,002_20200906_003122(7),1,1,TWO_MODELS_CORRESPOND_NOT_TRUTH_CONFIRMED,,48.219167001661845
0,002_20200906_003126(8),1,1,TWO_MODELS_CORRESPOND_NOT_TRUTH_CONFIRMED,,35.501874999681604
0,002_20200906_003132(7),1,1,TWO_MODELS_CORRESPOND_NOT_TRUTH_CONFIRMED,,35.00691699991876
1,001_20200623_203217(4),3,3,TWO_MODELS_CORRESPOND_NOT_TRUTH_CONFIRMED,,43.283500001052744
1,001_20200623_203222(0),3,3,TWO_MODELS_CORRESPOND_NOT_TRUTH_CONFIRMED,,37.227957998766215
1,001_20200623_203226(3),3,3,TWO_MODELS_CORRESPOND_NOT_TRUTH_CONFIRMED,,36.62362500108429
1,001_20200623_203230(9),3,3,TWO_MODELS_CORRESPOND_NOT_TRUTH_CONFIRMED,,36.621541001295554
1,001_20200623_203235(3),3,3,TWO_MODELS_CORRESPOND_NOT_TRUTH_CONFIRMED,,38.904625000213855
1,001_20200623_203247(5),3,3,TWO_MODELS_CORRESPOND_NOT_TRUTH_CONFIRMED,,36.869958999886876
1,001_20200624_123313(4),3,3,TWO_MODELS_CORRESPOND_NOT_TRUTH_CONFIRMED,,35.465207998640835
1,001_20200624_123317(8),3,3,TWO_MODELS_CORRESPOND_NOT_TRUTH_CONFIRMED,,36.122292000072775
1,001_20200624_123322(3),3,3,TWO_MODELS_CORRESPOND_NOT_TRUTH_CONFIRMED,,35.69220899953507
1,001_20200624_123326(6),3,3,TWO_MODELS_CORRESPOND_NOT_TRUTH_CONFIRMED,,37.726750000729226
1,001_20200624_123331(2),3,3,TWO_MODELS_CORRESPOND_NOT_TRUTH_CONFIRMED,,35.58658400106651
1,001_20200624_123335(6),3,3,TWO_MODELS_CORRESPOND_NOT_TRUTH_CONFIRMED,,35.973375001049135
1,001_20200624_162816(3),3,3,TWO_MODELS_CORRESPOND_NOT_TRUTH_CONFIRMED,,34.670917000767076
1,001_20200624_162821(2),3,3,TWO_MODELS_CORRESPOND_NOT_TRUTH_CONFIRMED,,35.59841599962965
1,001_20200624_162831(2),3,3,TWO_MODELS_CORRESPOND_NOT_TRUTH_CONFIRMED,,35.48933300044155
1,001_20200624_162835(8),3,3,TWO_MODELS_CORRESPOND_NOT_TRUTH_CONFIRMED,,36.49916599897551
1,001_20200629_082825(1),3,3,TWO_MODELS_CORRESPOND_NOT_TRUTH_CONFIRMED,,34.62470900012704
1,001_20200629_082828(0),3,3,TWO_MODELS_CORRESPOND_NOT_TRUTH_CONFIRMED,,34.53062500011583
1,001_20200629_082831(0),3,3,TWO_MODELS_CORRESPOND_NOT_TRUTH_CONFIRMED,,35.855209000146715
1,001_20200629_082834(2),3,3,TWO_MODELS_CORRESPOND_NOT_TRUTH_CONFIRMED,,36.37466699910874
1,001_20200629_082837(2),3,3,TWO_MODELS_CORRESPOND_NOT_TRUTH_CONFIRMED,,34.980791999259964
1,001_20200629_082840(2),3,3,TWO_MODELS_CORRESPOND_NOT_TRUTH_CONFIRMED,,36.3860420002311
1,001_20200629_082905(4),3,3,TWO_MODELS_CORRESPOND_NOT_TRUTH_CONFIRMED,,39.13858399937453
1,001_20200811_003323(2),1,1,TWO_MODELS_CORRESPOND_NOT_TRUTH_CONFIRMED,,35.35862500029907
1,001_20200811_003327(0),1,1,TWO_MODELS_CORRESPOND_NOT_TRUTH_CONFIRMED,,35.416749999058084
1,001_20200814_083045(8),1,1,TWO_MODELS_CORRESPOND_NOT_TRUTH_CONFIRMED,,35.70233400023426
1,001_20200814_083051(9),1,1,TWO_MODELS_CORRESPOND_NOT_TRUTH_CONFIRMED,,36.12970899848733
1,001_20200814_203438(9),1,1,TWO_MODELS_CORRESPOND_NOT_TRUTH_CONFIRMED,,34.82133400029852
1,001_20200814_203442(4),1,1,TWO_MODELS_CORRESPOND_NOT_TRUTH_CONFIRMED,,36.08129100030055
1,001_20200818_123634(4),1,1,TWO_MODELS_CORRESPOND_NOT_TRUTH_CONFIRMED,,36.16683299878787
1,001_20200819_124414(0),1,1,TWO_MODELS_CORRESPOND_NOT_TRUTH_CONFIRMED,,37.49341599905165
1,001_20200819_124415(9),1,1,TWO_MODELS_CORRESPOND_NOT_TRUTH_CONFIRMED,,34.571166999739944
1,001_20200821_150525(5),1,1,TWO_MODELS_CORRESPOND_NOT_TRUTH_CONFIRMED,,37.512165999942226
1,001_20200821_150529(4),1,1,TWO_MODELS_CORRESPOND_NOT_TRUTH_CONFIRMED,,36.30625000005239
1,001_20200922_163332(2),1,1,TWO_MODELS_CORRESPOND_NOT_TRUTH_CONFIRMED,,34.81941700010793
1,001_20200922_163335(3),1,1,TWO_MODELS_CORRESPOND_NOT_TRUTH_CONFIRMED,,35.11887499917066
1,002_20200623_123032(7),3,3,TWO_MODELS_CORRESPOND_NOT_TRUTH_CONFIRMED,,36.52900000088266
1,002_20200623_123036(5),3,3,TWO_MODELS_CORRESPOND_NOT_TRUTH_CONFIRMED,,36.30333300134225
1,002_20200623_123040(5),3,3,TWO_MODELS_CORRESPOND_NOT_TRUTH_CONFIRMED,,33.86283399959211
1,002_20200623_123044(3),3,3,TWO_MODELS_CORRESPOND_NOT_TRUTH_CONFIRMED,,34.90604199942027
1,002_20200623_123048(4),3,3,TWO_MODELS_CORRESPOND_NOT_TRUTH_CONFIRMED,,34.51262499947916
1,002_20200623_123052(5),3,3,TWO_MODELS_CORRESPOND_NOT_TRUTH_CONFIRMED,,34.10266699938802
1,002_20200623_163020(3),3,3,TWO_MODELS_CORRESPOND_NOT_TRUTH_CONFIRMED,,37.13262499877601
1,002_20200623_163023(3),3,3,TWO_MODELS_CORRESPOND_NOT_TRUTH_CONFIRMED,,34.3358750014886
1,002_20200623_163026(3),3,3,TWO_MODELS_CORRESPOND_NOT_TRUTH_CONFIRMED,,34.501958998589544
1,002_20200623_163029(6),3,3,TWO_MODELS_CORRESPOND_NOT_TRUTH_CONFIRMED,,34.54591700028686
1,002_20200623_163032(5),3,3,TWO_MODELS_CORRESPOND_NOT_TRUTH_CONFIRMED,,34.36066600079357
1,002_20200623_163035(5),3,3,TWO_MODELS_CORRESPOND_NOT_TRUTH_CONFIRMED,,34.30087500055379
1,002_20200624_203003(9),3,3,TWO_MODELS_CORRESPOND_NOT_TRUTH_CONFIRMED,,36.06170799866959
1,002_20200624_203012(9),3,3,TWO_MODELS_CORRESPOND_NOT_TRUTH_CONFIRMED,,36.17662499891594
1,002_20200624_203017(4),3,3,TWO_MODELS_CORRESPOND_NOT_TRUTH_CONFIRMED,,34.94195799976296
1,002_20200624_203021(9),3,3,TWO_MODELS_CORRESPOND_NOT_TRUTH_CONFIRMED,,34.11058300116565
1,002_20200624_203026(4),3,3,TWO_MODELS_CORRESPOND_NOT_TRUTH_CONFIRMED,,34.871750000093016
1,002_20200624_203044(4),3,3,TWO_MODELS_CORRESPOND_NOT_TRUTH_CONFIRMED,,34.689000000071246
1,002_20200625_003352(9),3,3,TWO_MODELS_CORRESPOND_NOT_TRUTH_CONFIRMED,,36.76666699902853
1,002_20200625_003357(4),3,3,TWO_MODELS_CORRESPOND_NOT_TRUTH_CONFIRMED,,34.49254199949792
1,002_20200625_003401(8),3,3,TWO_MODELS_CORRESPOND_NOT_TRUTH_CONFIRMED,,36.242500000298605
1,002_20200625_003406(3),3,3,TWO_MODELS_CORRESPOND_NOT_TRUTH_CONFIRMED,,34.32116699877952
1,002_20200625_003410(8),3,3,TWO_MODELS_CORRESPOND_NOT_TRUTH_CONFIRMED,,35.64675000052375
1,002_20200625_003415(4),3,3,TWO_MODELS_CORRESPOND_NOT_TRUTH_CONFIRMED,,34.5472079989122
1,002_20200625_042934(9),3,3,TWO_MODELS_CORRESPOND_NOT_TRUTH_CONFIRMED,,33.935958001166
1,002_20200625_042939(2),3,3,TWO_MODELS_CORRESPOND_NOT_TRUTH_CONFIRMED,,36.28799999933108
1,002_20200625_042943(7),3,3,TWO_MODELS_CORRESPOND_NOT_TRUTH_CONFIRMED,,34.09174999978859
1,002_20200625_042948(3),3,3,TWO_MODELS_CORRESPOND_NOT_TRUTH_CONFIRMED,,35.92266700070468
1,002_20200625_042952(8),3,3,TWO_MODELS_CORRESPOND_NOT_TRUTH_CONFIRMED,,35.4370419991028
1,002_20200625_042957(3),4,3,REINSPECTION_DISAGREEMENT,,35.33529199921759
1,002_20200629_082630(7),3,3,TWO_MODELS_CORRESPOND_NOT_TRUTH_CONFIRMED,,33.6057089989481
1,002_20200629_082639(2),3,3,TWO_MODELS_CORRESPOND_NOT_TRUTH_CONFIRMED,,37.06333300033293
1,002_20200629_082642(2),3,3,TWO_MODELS_CORRESPOND_NOT_TRUTH_CONFIRMED,,34.53379100028542
1,002_20200629_082645(4),3,3,TWO_MODELS_CORRESPOND_NOT_TRUTH_CONFIRMED,,34.154208999098046
1,002_20200629_082823(5),3,3,TWO_MODELS_CORRESPOND_NOT_TRUTH_CONFIRMED,,34.467415998733486
1,002_20200629_082828(5),3,3,TWO_MODELS_CORRESPOND_NOT_TRUTH_CONFIRMED,,34.734874998321175
1,002_20200629_082831(3),3,3,TWO_MODELS_CORRESPOND_NOT_TRUTH_CONFIRMED,,34.831832999770995
1,002_20200629_082834(2),3,3,TWO_MODELS_CORRESPOND_NOT_TRUTH_CONFIRMED,,34.46816599898739
1,002_20200629_082837(0),3,3,TWO_MODELS_CORRESPOND_NOT_TRUTH_CONFIRMED,,37.31454199987638
1,002_20200629_082839(9),3,3,TWO_MODELS_CORRESPOND_NOT_TRUTH_CONFIRMED,,34.09075000126904
1,002_20200715_002443(4),3,3,TWO_MODELS_CORRESPOND_NOT_TRUTH_CONFIRMED,,33.77704100057599
1,002_20200715_002447(9),3,3,TWO_MODELS_CORRESPOND_NOT_TRUTH_CONFIRMED,,36.497749999398366
1,002_20200715_002456(9),3,3,TWO_MODELS_CORRESPOND_NOT_TRUTH_CONFIRMED,,34.39287500077626
1,002_20200715_002509(0),3,3,TWO_MODELS_CORRESPOND_NOT_TRUTH_CONFIRMED,,33.92770800019207
1,002_20200715_002513(4),3,3,TWO_MODELS_CORRESPOND_NOT_TRUTH_CONFIRMED,,34.870208999564056
1,002_20200901_191340(2),1,1,TWO_MODELS_CORRESPOND_NOT_TRUTH_CONFIRMED,,37.18174999994517
1,002_20200901_191343(2),1,1,TWO_MODELS_CORRESPOND_NOT_TRUTH_CONFIRMED,,38.51424999993469
1,002_20200901_191346(1),1,1,TWO_MODELS_CORRESPOND_NOT_TRUTH_CONFIRMED,,36.210207999829436
1,002_20200901_191348(8),1,1,TWO_MODELS_CORRESPOND_NOT_TRUTH_CONFIRMED,,34.75670800071384
1,002_20200901_191351(5),1,1,TWO_MODELS_CORRESPOND_NOT_TRUTH_CONFIRMED,,34.03904200058605
1,002_20200905_003315(2),1,1,TWO_MODELS_CORRESPOND_NOT_TRUTH_CONFIRMED,,34.60799999993469
1,002_20200905_003319(2),1,1,TWO_MODELS_CORRESPOND_NOT_TRUTH_CONFIRMED,,37.11387499970442
1,002_20200905_003323(3),1,1,TWO_MODELS_CORRESPOND_NOT_TRUTH_CONFIRMED,,34.03487499963376
1,002_20200905_003327(3),1,1,TWO_MODELS_CORRESPOND_NOT_TRUTH_CONFIRMED,,34.10891699968488
1,002_20200905_003331(2),1,1,TWO_MODELS_CORRESPOND_NOT_TRUTH_CONFIRMED,,35.85379099968122
1,002_20200905_003335(3),1,1,TWO_MODELS_CORRESPOND_NOT_TRUTH_CONFIRMED,,35.72354199968686
1,002_20200905_083407(3),1,1,TWO_MODELS_CORRESPOND_NOT_TRUTH_CONFIRMED,,35.56691700032388
1,002_20200905_083410(5),1,1,TWO_MODELS_CORRESPOND_NOT_TRUTH_CONFIRMED,,34.61708299983002
1,002_20200905_083413(6),1,1,TWO_MODELS_CORRESPOND_NOT_TRUTH_CONFIRMED,,35.92274999937217
1,002_20200905_083416(3),1,1,TWO_MODELS_CORRESPOND_NOT_TRUTH_CONFIRMED,,34.46812499896623
1,002_20200905_083419(3),1,1,TWO_MODELS_CORRESPOND_NOT_TRUTH_CONFIRMED,,33.830209000370814
1,002_20200905_083422(4),1,1,TWO_MODELS_CORRESPOND_NOT_TRUTH_CONFIRMED,,34.20195900071121
1,002_20200905_123103(4),1,1,TWO_MODELS_CORRESPOND_NOT_TRUTH_CONFIRMED,,34.099791999324225
1,002_20200905_123107(5),1,1,TWO_MODELS_CORRESPOND_NOT_TRUTH_CONFIRMED,,34.48829199987813
1,002_20200905_123111(6),1,1,TWO_MODELS_CORRESPOND_NOT_TRUTH_CONFIRMED,,34.55766700062668
1,002_20200906_003059(0),1,1,TWO_MODELS_CORRESPOND_NOT_TRUTH_CONFIRMED,,34.2834999992192
1,002_20200906_003114(8),1,1,TWO_MODELS_CORRESPOND_NOT_TRUTH_CONFIRMED,,34.302042000490474
1,002_20200906_003118(7),1,1,TWO_MODELS_CORRESPOND_NOT_TRUTH_CONFIRMED,,34.40279200003715
1,002_20200906_003122(7),1,1,TWO_MODELS_CORRESPOND_NOT_TRUTH_CONFIRMED,,36.36358299991116
1,002_20200906_003126(8),1,1,TWO_MODELS_CORRESPOND_NOT_TRUTH_CONFIRMED,,34.848666000470985
1,002_20200906_003132(7),1,1,TWO_MODELS_CORRESPOND_NOT_TRUTH_CONFIRMED,,35.110165999867604
2,001_20200623_203217(4),3,3,TWO_MODELS_CORRESPOND_NOT_TRUTH_CONFIRMED,,43.49404200002027
2,001_20200623_203222(0),3,3,TWO_MODELS_CORRESPOND_NOT_TRUTH_CONFIRMED,,38.22583299916005
2,001_20200623_203226(3),3,3,TWO_MODELS_CORRESPOND_NOT_TRUTH_CONFIRMED,,36.39216700139514
2,001_20200623_203230(9),3,3,TWO_MODELS_CORRESPOND_NOT_TRUTH_CONFIRMED,,35.82141700098873
2,001_20200623_203235(3),3,3,TWO_MODELS_CORRESPOND_NOT_TRUTH_CONFIRMED,,36.99941700142517
2,001_20200623_203247(5),3,3,TWO_MODELS_CORRESPOND_NOT_TRUTH_CONFIRMED,,38.42883399920538
2,001_20200624_123313(4),3,3,TWO_MODELS_CORRESPOND_NOT_TRUTH_CONFIRMED,,36.111374998654355
2,001_20200624_123317(8),3,3,TWO_MODELS_CORRESPOND_NOT_TRUTH_CONFIRMED,,35.501542000929476
2,001_20200624_123322(3),3,3,TWO_MODELS_CORRESPOND_NOT_TRUTH_CONFIRMED,,36.14774999914516
2,001_20200624_123326(6),3,3,TWO_MODELS_CORRESPOND_NOT_TRUTH_CONFIRMED,,36.296000000220374
2,001_20200624_123331(2),3,3,TWO_MODELS_CORRESPOND_NOT_TRUTH_CONFIRMED,,35.7687919986347
2,001_20200624_123335(6),3,3,TWO_MODELS_CORRESPOND_NOT_TRUTH_CONFIRMED,,35.95858299922838
2,001_20200624_162816(3),3,3,TWO_MODELS_CORRESPOND_NOT_TRUTH_CONFIRMED,,36.1315830014064
2,001_20200624_162821(2),3,3,TWO_MODELS_CORRESPOND_NOT_TRUTH_CONFIRMED,,36.16116699959093
2,001_20200624_162831(2),3,3,TWO_MODELS_CORRESPOND_NOT_TRUTH_CONFIRMED,,36.24974999911501
2,001_20200624_162835(8),3,3,TWO_MODELS_CORRESPOND_NOT_TRUTH_CONFIRMED,,38.268125001195585
2,001_20200629_082825(1),3,3,TWO_MODELS_CORRESPOND_NOT_TRUTH_CONFIRMED,,35.59841700007382
2,001_20200629_082828(0),3,3,TWO_MODELS_CORRESPOND_NOT_TRUTH_CONFIRMED,,34.346624999670894
2,001_20200629_082831(0),3,3,TWO_MODELS_CORRESPOND_NOT_TRUTH_CONFIRMED,,35.28783399997337
2,001_20200629_082834(2),3,3,TWO_MODELS_CORRESPOND_NOT_TRUTH_CONFIRMED,,34.75558399986767
2,001_20200629_082837(2),3,3,TWO_MODELS_CORRESPOND_NOT_TRUTH_CONFIRMED,,35.48987500107614
2,001_20200629_082840(2),3,3,TWO_MODELS_CORRESPOND_NOT_TRUTH_CONFIRMED,,34.729540999251185
2,001_20200629_082905(4),3,3,TWO_MODELS_CORRESPOND_NOT_TRUTH_CONFIRMED,,37.81420799896296
2,001_20200811_003323(2),1,1,TWO_MODELS_CORRESPOND_NOT_TRUTH_CONFIRMED,,36.81045899975288
2,001_20200811_003327(0),1,1,TWO_MODELS_CORRESPOND_NOT_TRUTH_CONFIRMED,,36.402209001607844
2,001_20200814_083045(8),1,1,TWO_MODELS_CORRESPOND_NOT_TRUTH_CONFIRMED,,35.17629099951591
2,001_20200814_083051(9),1,1,TWO_MODELS_CORRESPOND_NOT_TRUTH_CONFIRMED,,36.229082999852835
2,001_20200814_203438(9),1,1,TWO_MODELS_CORRESPOND_NOT_TRUTH_CONFIRMED,,35.6980830001703
2,001_20200814_203442(4),1,1,TWO_MODELS_CORRESPOND_NOT_TRUTH_CONFIRMED,,36.993457999415114
2,001_20200818_123634(4),1,1,TWO_MODELS_CORRESPOND_NOT_TRUTH_CONFIRMED,,36.59133300061512
2,001_20200819_124414(0),1,1,TWO_MODELS_CORRESPOND_NOT_TRUTH_CONFIRMED,,38.40275000038673
2,001_20200819_124415(9),1,1,TWO_MODELS_CORRESPOND_NOT_TRUTH_CONFIRMED,,35.57408300002862
2,001_20200821_150525(5),1,1,TWO_MODELS_CORRESPOND_NOT_TRUTH_CONFIRMED,,37.77920799984713
2,001_20200821_150529(4),1,1,TWO_MODELS_CORRESPOND_NOT_TRUTH_CONFIRMED,,36.32254099829879
2,001_20200922_163332(2),1,1,TWO_MODELS_CORRESPOND_NOT_TRUTH_CONFIRMED,,35.333292000359506
2,001_20200922_163335(3),1,1,TWO_MODELS_CORRESPOND_NOT_TRUTH_CONFIRMED,,34.61158299978706
2,002_20200623_123032(7),3,3,TWO_MODELS_CORRESPOND_NOT_TRUTH_CONFIRMED,,36.74995800065517
2,002_20200623_123036(5),3,3,TWO_MODELS_CORRESPOND_NOT_TRUTH_CONFIRMED,,35.878917000445654
2,002_20200623_123040(5),3,3,TWO_MODELS_CORRESPOND_NOT_TRUTH_CONFIRMED,,34.486915999877965
2,002_20200623_123044(3),3,3,TWO_MODELS_CORRESPOND_NOT_TRUTH_CONFIRMED,,34.360957999524544
2,002_20200623_123048(4),3,3,TWO_MODELS_CORRESPOND_NOT_TRUTH_CONFIRMED,,35.52216600110114
2,002_20200623_123052(5),3,3,TWO_MODELS_CORRESPOND_NOT_TRUTH_CONFIRMED,,34.632124999916414
2,002_20200623_163020(3),3,3,TWO_MODELS_CORRESPOND_NOT_TRUTH_CONFIRMED,,37.27062500001921
2,002_20200623_163023(3),3,3,TWO_MODELS_CORRESPOND_NOT_TRUTH_CONFIRMED,,34.550084001239156
2,002_20200623_163026(3),3,3,TWO_MODELS_CORRESPOND_NOT_TRUTH_CONFIRMED,,34.375457998976344
2,002_20200623_163029(6),3,3,TWO_MODELS_CORRESPOND_NOT_TRUTH_CONFIRMED,,34.9837909998314
2,002_20200623_163032(5),3,3,TWO_MODELS_CORRESPOND_NOT_TRUTH_CONFIRMED,,34.35650000028545
2,002_20200623_163035(5),3,3,TWO_MODELS_CORRESPOND_NOT_TRUTH_CONFIRMED,,33.90529200078163
2,002_20200624_203003(9),3,3,TWO_MODELS_CORRESPOND_NOT_TRUTH_CONFIRMED,,46.24104200047441
2,002_20200624_203012(9),3,3,TWO_MODELS_CORRESPOND_NOT_TRUTH_CONFIRMED,,41.59854199861002
2,002_20200624_203017(4),3,3,TWO_MODELS_CORRESPOND_NOT_TRUTH_CONFIRMED,,36.56537499955448
2,002_20200624_203021(9),3,3,TWO_MODELS_CORRESPOND_NOT_TRUTH_CONFIRMED,,35.40841700123565
2,002_20200624_203026(4),3,3,TWO_MODELS_CORRESPOND_NOT_TRUTH_CONFIRMED,,35.986790999231744
2,002_20200624_203044(4),3,3,TWO_MODELS_CORRESPOND_NOT_TRUTH_CONFIRMED,,36.26124999937019
2,002_20200625_003352(9),3,3,TWO_MODELS_CORRESPOND_NOT_TRUTH_CONFIRMED,,38.93874999994296
2,002_20200625_003357(4),3,3,TWO_MODELS_CORRESPOND_NOT_TRUTH_CONFIRMED,,34.20354199988651
2,002_20200625_003401(8),3,3,TWO_MODELS_CORRESPOND_NOT_TRUTH_CONFIRMED,,39.93049999917275
2,002_20200625_003406(3),3,3,TWO_MODELS_CORRESPOND_NOT_TRUTH_CONFIRMED,,34.764334001010866
2,002_20200625_003410(8),3,3,TWO_MODELS_CORRESPOND_NOT_TRUTH_CONFIRMED,,34.44308399957663
2,002_20200625_003415(4),3,3,TWO_MODELS_CORRESPOND_NOT_TRUTH_CONFIRMED,,33.92912500021339
2,002_20200625_042934(9),3,3,TWO_MODELS_CORRESPOND_NOT_TRUTH_CONFIRMED,,34.05704199940374
2,002_20200625_042939(2),3,3,TWO_MODELS_CORRESPOND_NOT_TRUTH_CONFIRMED,,37.036499999885564
2,002_20200625_042943(7),3,3,TWO_MODELS_CORRESPOND_NOT_TRUTH_CONFIRMED,,33.917500000825385
2,002_20200625_042948(3),3,3,TWO_MODELS_CORRESPOND_NOT_TRUTH_CONFIRMED,,35.11104200151749
2,002_20200625_042952(8),3,3,TWO_MODELS_CORRESPOND_NOT_TRUTH_CONFIRMED,,34.88883300087764
2,002_20200625_042957(3),4,3,REINSPECTION_DISAGREEMENT,,34.12870799911616
2,002_20200629_082630(7),3,3,TWO_MODELS_CORRESPOND_NOT_TRUTH_CONFIRMED,,40.317916000276455
2,002_20200629_082639(2),3,3,TWO_MODELS_CORRESPOND_NOT_TRUTH_CONFIRMED,,47.68991699893377
2,002_20200629_082642(2),3,3,TWO_MODELS_CORRESPOND_NOT_TRUTH_CONFIRMED,,35.74375000061991
2,002_20200629_082645(4),3,3,TWO_MODELS_CORRESPOND_NOT_TRUTH_CONFIRMED,,35.87533300014911
2,002_20200629_082823(5),3,3,TWO_MODELS_CORRESPOND_NOT_TRUTH_CONFIRMED,,36.29108399945835
2,002_20200629_082828(5),3,3,TWO_MODELS_CORRESPOND_NOT_TRUTH_CONFIRMED,,35.80583299844875
2,002_20200629_082831(3),3,3,TWO_MODELS_CORRESPOND_NOT_TRUTH_CONFIRMED,,33.940916999199544
2,002_20200629_082834(2),3,3,TWO_MODELS_CORRESPOND_NOT_TRUTH_CONFIRMED,,34.89491700020153
2,002_20200629_082837(0),3,3,TWO_MODELS_CORRESPOND_NOT_TRUTH_CONFIRMED,,37.17579200019827
2,002_20200629_082839(9),3,3,TWO_MODELS_CORRESPOND_NOT_TRUTH_CONFIRMED,,34.34637499958626
2,002_20200715_002443(4),3,3,TWO_MODELS_CORRESPOND_NOT_TRUTH_CONFIRMED,,34.56741599984525
2,002_20200715_002447(9),3,3,TWO_MODELS_CORRESPOND_NOT_TRUTH_CONFIRMED,,35.68045800057007
2,002_20200715_002456(9),3,3,TWO_MODELS_CORRESPOND_NOT_TRUTH_CONFIRMED,,34.94716699970013
2,002_20200715_002509(0),3,3,TWO_MODELS_CORRESPOND_NOT_TRUTH_CONFIRMED,,34.9200419987028
2,002_20200715_002513(4),3,3,TWO_MODELS_CORRESPOND_NOT_TRUTH_CONFIRMED,,34.91858300003514
2,002_20200901_191340(2),1,1,TWO_MODELS_CORRESPOND_NOT_TRUTH_CONFIRMED,,38.36958399915602
2,002_20200901_191343(2),1,1,TWO_MODELS_CORRESPOND_NOT_TRUTH_CONFIRMED,,35.352333999981056
2,002_20200901_191346(1),1,1,TWO_MODELS_CORRESPOND_NOT_TRUTH_CONFIRMED,,34.884542001236696
2,002_20200901_191348(8),1,1,TWO_MODELS_CORRESPOND_NOT_TRUTH_CONFIRMED,,33.95104100127355
2,002_20200901_191351(5),1,1,TWO_MODELS_CORRESPOND_NOT_TRUTH_CONFIRMED,,35.1102919994446
2,002_20200905_003315(2),1,1,TWO_MODELS_CORRESPOND_NOT_TRUTH_CONFIRMED,,34.532750001744716
2,002_20200905_003319(2),1,1,TWO_MODELS_CORRESPOND_NOT_TRUTH_CONFIRMED,,36.83079199981876
2,002_20200905_003323(3),1,1,TWO_MODELS_CORRESPOND_NOT_TRUTH_CONFIRMED,,34.4942079991597
2,002_20200905_003327(3),1,1,TWO_MODELS_CORRESPOND_NOT_TRUTH_CONFIRMED,,34.28466699915589
2,002_20200905_003331(2),1,1,TWO_MODELS_CORRESPOND_NOT_TRUTH_CONFIRMED,,35.681000001204666
2,002_20200905_003335(3),1,1,TWO_MODELS_CORRESPOND_NOT_TRUTH_CONFIRMED,,34.83533300095587
2,002_20200905_083407(3),1,1,TWO_MODELS_CORRESPOND_NOT_TRUTH_CONFIRMED,,36.74704200057022
2,002_20200905_083410(5),1,1,TWO_MODELS_CORRESPOND_NOT_TRUTH_CONFIRMED,,34.33437499916181
2,002_20200905_083413(6),1,1,TWO_MODELS_CORRESPOND_NOT_TRUTH_CONFIRMED,,35.782832999757375
2,002_20200905_083416(3),1,1,TWO_MODELS_CORRESPOND_NOT_TRUTH_CONFIRMED,,34.83274999962305
2,002_20200905_083419(3),1,1,TWO_MODELS_CORRESPOND_NOT_TRUTH_CONFIRMED,,34.42220900069515
2,002_20200905_083422(4),1,1,TWO_MODELS_CORRESPOND_NOT_TRUTH_CONFIRMED,,33.68416699959198
2,002_20200905_123103(4),1,1,TWO_MODELS_CORRESPOND_NOT_TRUTH_CONFIRMED,,34.33729199969093
2,002_20200905_123107(5),1,1,TWO_MODELS_CORRESPOND_NOT_TRUTH_CONFIRMED,,34.00524999960908
2,002_20200905_123111(6),1,1,TWO_MODELS_CORRESPOND_NOT_TRUTH_CONFIRMED,,34.82195899960061
2,002_20200906_003059(0),1,1,TWO_MODELS_CORRESPOND_NOT_TRUTH_CONFIRMED,,34.381999999823165
2,002_20200906_003114(8),1,1,TWO_MODELS_CORRESPOND_NOT_TRUTH_CONFIRMED,,33.73337500124762
2,002_20200906_003118(7),1,1,TWO_MODELS_CORRESPOND_NOT_TRUTH_CONFIRMED,,33.73758300040208
2,002_20200906_003122(7),1,1,TWO_MODELS_CORRESPOND_NOT_TRUTH_CONFIRMED,,36.74899999896297
2,002_20200906_003126(8),1,1,TWO_MODELS_CORRESPOND_NOT_TRUTH_CONFIRMED,,34.78229200118221
2,002_20200906_003132(7),1,1,TWO_MODELS_CORRESPOND_NOT_TRUTH_CONFIRMED,,34.82570800042595
